strategy,replicate,mean_concept_interest,mean_error,likely_to_try_share,likely_to_try_error_pp,mean_digital_engagement,digital_engagement_error
Simple random,1,4.8375,0.0026300000000007984,0.13,-0.24799999999999822,63.265,0.29621199999998993
Simple random,2,4.767250000000001,-0.0676199999999989,0.1425,1.0020000000000002,62.835375000000006,-0.13341300000000444
Simple random,3,4.87925,0.04438000000000031,0.14125,0.877,63.54025000000001,0.5714619999999968
Simple random,4,4.886625,0.051755000000000884,0.14125,0.877,62.30137500000001,-0.6674130000000034
Simple random,5,4.788875000000001,-0.045994999999998676,0.12125,-1.1229999999999989,62.449,-0.5197880000000126
Simple random,6,4.888875,0.05400500000000008,0.1275,-0.49799999999999844,63.530750000000005,0.5619619999999941
Simple random,7,4.65275,-0.1821199999999994,0.11625,-1.622999999999998,61.748250000000006,-1.2205380000000048
Simple random,8,4.7725,-0.06236999999999959,0.125,-0.7479999999999987,62.962999999999994,-0.00578800000001678
Simple random,9,4.874875,0.040005000000000734,0.1525,2.002000000000001,63.325375,0.35658699999999044
Simple random,10,4.78225,-0.05261999999999922,0.12375,-0.8729999999999988,62.781000000000006,-0.18778800000000473
Simple random,11,4.82775,-0.007119999999999571,0.1375,0.5020000000000024,62.665625,-0.30316300000001206
Simple random,12,4.83575,0.000880000000000436,0.12125,-1.1229999999999989,63.44625,0.4774619999999885
Simple random,13,4.8295,-0.005369999999999209,0.13375,0.1270000000000021,63.494125000000004,0.5253369999999933
Simple random,14,4.90775,0.0728800000000005,0.1325,0.002000000000002,63.309375,0.3405869999999922
Simple random,15,4.7589999999999995,-0.0758700000000001,0.11125,-2.1229999999999984,62.92162499999999,-0.04716300000001894
Simple random,16,4.886375,0.05150500000000058,0.13875,0.6270000000000026,63.785625,0.8168369999999925
Simple random,17,4.86675,0.03188000000000013,0.14625,1.3770000000000004,62.882999999999996,-0.08578800000001507
Simple random,18,4.93625,0.10138000000000069,0.12625,-0.6229999999999986,62.449125,-0.5196630000000084
Simple random,19,4.976999999999999,0.14212999999999987,0.1325,0.002000000000002,64.21300000000001,1.2442119999999974
Simple random,20,4.7675,-0.06736999999999949,0.12,-1.247999999999999,63.06924999999999,0.10046199999997896
Simple random,21,4.773875,-0.060994999999999244,0.12375,-0.8729999999999988,63.220499999999994,0.2517119999999835
Simple random,22,4.73425,-0.10061999999999927,0.1175,-1.4979999999999993,63.377250000000004,0.408461999999993
Simple random,23,4.6745,-0.16036999999999946,0.11125,-2.1229999999999984,61.851625000000006,-1.117163000000005
Simple random,24,4.793,-0.04186999999999941,0.12125,-1.1229999999999989,62.060875,-0.9079130000000077
Simple random,25,4.756875,-0.07799499999999959,0.1225,-0.9979999999999989,62.282875000000004,-0.6859130000000064
Simple random,26,4.980250000000001,0.14538000000000117,0.1525,2.002000000000001,64.3295,1.3607119999999853
Simple random,27,4.673875000000001,-0.1609949999999989,0.1125,-1.9979999999999984,62.20449999999999,-0.7642880000000218
Simple random,28,4.741499999999999,-0.09337000000000018,0.12125,-1.1229999999999989,62.181999999999995,-0.7867880000000156
Simple random,29,4.823625,-0.011244999999999727,0.135,0.2520000000000022,62.899750000000004,-0.06903800000000615
Simple random,30,4.8525,0.01763000000000048,0.135,0.2520000000000022,63.5545,0.5857119999999867
Simple random,31,4.78075,-0.05411999999999928,0.13125,-0.12299999999999811,63.26025,0.29146199999998856
Simple random,32,4.857375000000001,0.02250500000000155,0.11125,-2.1229999999999984,63.461999999999996,0.49321199999998555
Simple random,33,4.920749999999999,0.08587999999999951,0.13875,0.6270000000000026,64.179125,1.2103369999999884
Simple random,34,4.78525,-0.04962,0.12375,-0.8729999999999988,63.23287500000001,0.2640869999999964
Simple random,35,4.871125,0.03625500000000059,0.13875,0.6270000000000026,62.944375,-0.024413000000009788
Simple random,36,4.8725,0.03763000000000005,0.1375,0.5020000000000024,62.655,-0.3137880000000095
Simple random,37,4.805,-0.02986999999999984,0.12875,-0.37299999999999833,62.70199999999999,-0.26678800000001957
Simple random,38,4.812375,-0.022494999999999266,0.12,-1.247999999999999,63.74475,0.7759619999999927
Simple random,39,4.800375,-0.03449499999999972,0.135,0.2520000000000022,62.48012500000001,-0.4886630000000025
Simple random,40,4.8466249999999995,0.01175499999999996,0.1325,0.002000000000002,62.206624999999995,-0.7621630000000152
Simple random,41,4.704625,-0.1302449999999995,0.1225,-0.9979999999999989,63.839375,0.8705869999999862
Simple random,42,4.9385,0.10363000000000078,0.135,0.2520000000000022,63.440250000000006,0.4714619999999954
Simple random,43,4.826124999999999,-0.008745000000000225,0.13875,0.6270000000000026,61.85674999999999,-1.1120380000000196
Simple random,44,4.775499999999999,-0.05937000000000037,0.1275,-0.49799999999999844,61.553999999999995,-1.4147880000000157
Simple random,45,4.829625,-0.0052449999999995,0.12875,-0.37299999999999833,62.689375,-0.27941300000001235
Simple random,46,4.878875000000001,0.04400500000000118,0.12875,-0.37299999999999833,63.5525,0.5837119999999913
Simple random,47,4.881,0.04613000000000067,0.14625,1.3770000000000004,63.717625,0.7488369999999875
Simple random,48,4.7975,-0.03736999999999924,0.13625,0.37700000000000233,62.6065,-0.3622880000000137
Simple random,49,4.865375,0.03050500000000067,0.14875,1.6270000000000007,62.94,-0.028788000000012914
Simple random,50,4.826499999999999,-0.00837000000000021,0.11375,-1.8729999999999982,62.0995,-0.8692880000000116
Simple random,51,4.8069999999999995,-0.02787000000000006,0.11875,-1.3729999999999993,64.03075,1.061961999999987
Simple random,52,4.807375,-0.02749499999999916,0.13125,-0.12299999999999811,62.273250000000004,-0.6955380000000062
Simple random,53,4.8389999999999995,0.004129999999999967,0.13625,0.37700000000000233,63.681374999999996,0.712586999999985
Simple random,54,4.727875,-0.10699499999999951,0.12375,-0.8729999999999988,62.9125,-0.05628800000000922
Simple random,55,4.864875,0.03000500000000006,0.11875,-1.3729999999999993,63.420625,0.4518369999999905
Simple random,56,4.82125,-0.013619999999999521,0.1325,0.002000000000002,62.473625,-0.49516300000001223
Simple random,57,4.760375,-0.07449499999999976,0.12875,-0.37299999999999833,62.14150000000001,-0.8272880000000029
Simple random,58,4.719125,-0.11574499999999954,0.12625,-0.6229999999999986,62.07325,-0.895538000000009
Simple random,59,4.76875,-0.06611999999999973,0.13875,0.6270000000000026,62.433,-0.5357880000000108
Simple random,60,4.87225,0.037380000000000635,0.11875,-1.3729999999999993,62.20225000000001,-0.7665380000000042
Simple random,61,4.863,0.028130000000000877,0.1375,0.5020000000000024,64.175,1.2062119999999865
Simple random,62,4.8275,-0.007369999999999877,0.14375,1.1270000000000002,62.818875,-0.14991300000001218
Simple random,63,4.9285000000000005,0.09363000000000099,0.14125,0.877,63.898875000000004,0.9300869999999932
Simple random,64,4.748625,-0.0862449999999999,0.1125,-1.9979999999999984,62.22299999999999,-0.7457880000000188
Simple random,65,4.891,0.05613000000000046,0.1425,1.0020000000000002,64.153375,1.1845869999999863
Simple random,66,4.8945,0.059630000000000294,0.14625,1.3770000000000004,63.50837500000001,0.5395869999999974
Simple random,67,4.88,0.045130000000000337,0.15,1.7520000000000007,62.990875,0.022086999999991974
Simple random,68,4.877875,0.04300500000000085,0.1475,1.5020000000000007,63.36024999999999,0.3914619999999829
Simple random,69,4.781000000000001,-0.053869999999998974,0.115,-1.7479999999999982,62.86875,-0.10003800000001206
Simple random,70,4.794874999999999,-0.039995000000000225,0.11875,-1.3729999999999993,62.900875,-0.06791300000001144
Simple random,71,4.81175,-0.023119999999999585,0.14,0.7520000000000027,62.754625,-0.21416300000001343
Simple random,72,4.982875,0.1480050000000004,0.15,1.7520000000000007,62.653875000000006,-0.3149130000000042
Simple random,73,4.9079999999999995,0.07312999999999992,0.14,0.7520000000000027,63.26237500000001,0.29358700000000226
Simple random,74,4.8095,-0.02536999999999967,0.12875,-0.37299999999999833,62.142875000000004,-0.825913000000007
Simple random,75,4.77075,-0.06411999999999995,0.12875,-0.37299999999999833,61.965375,-1.003413000000009
Simple random,76,4.82875,-0.006119999999999237,0.1325,0.002000000000002,62.89125,-0.07753800000001121
Simple random,77,4.8607499999999995,0.025879999999999903,0.15375,2.127000000000001,63.044500000000006,0.07571199999999578
Simple random,78,4.788,-0.0468699999999993,0.1175,-1.4979999999999993,62.134875,-0.8339130000000097
Simple random,79,4.9113750000000005,0.07650500000000093,0.1325,0.002000000000002,63.37637500000001,0.4075869999999995
Simple random,80,4.711125,-0.12374499999999955,0.11125,-2.1229999999999984,62.465625,-0.5031630000000078
Simple random,81,4.8225,-0.01236999999999977,0.14125,0.877,63.0335,0.06471199999998589
Simple random,82,4.808125,-0.02674499999999913,0.1325,0.002000000000002,64.138875,1.170086999999988
Simple random,83,4.821375,-0.013494999999999813,0.12375,-0.8729999999999988,63.032624999999996,0.06383699999998527
Simple random,84,4.7725,-0.06236999999999959,0.12625,-0.6229999999999986,62.828875,-0.13991300000001416
Simple random,85,4.7521249999999995,-0.08274500000000007,0.115,-1.7479999999999982,62.00125,-0.9675380000000118
Simple random,86,4.8765,0.0416300000000005,0.1475,1.5020000000000007,62.484750000000005,-0.4840380000000053
Simple random,87,4.81775,-0.017119999999999358,0.11875,-1.3729999999999993,62.056000000000004,-0.9127880000000062
Simple random,88,4.7895,-0.045369999999999244,0.11875,-1.3729999999999993,63.172875,0.20408699999998703
Simple random,89,4.8298749999999995,-0.004995000000000083,0.1325,0.002000000000002,63.07325,0.10446199999999095
Simple random,90,4.850625,0.015755000000000408,0.1225,-0.9979999999999989,62.453125,-0.5156630000000106
Simple random,91,4.811625,-0.023244999999999294,0.135,0.2520000000000022,62.060875,-0.9079130000000077
Simple random,92,4.896125,0.06125500000000006,0.14625,1.3770000000000004,63.591499999999996,0.6227119999999857
Simple random,93,4.8416250000000005,0.006755000000000955,0.13125,-0.12299999999999811,63.23487500000001,0.26608699999999885
Simple random,94,4.873875,0.0390050000000004,0.14625,1.3770000000000004,63.113,0.1442119999999889
Simple random,95,4.92425,0.08938000000000024,0.1275,-0.49799999999999844,62.8075,-0.1612880000000132
Simple random,96,4.932375,0.09750500000000084,0.14875,1.6270000000000007,63.576750000000004,0.6079619999999935
Simple random,97,4.789375,-0.04549499999999984,0.115,-1.7479999999999982,62.624375,-0.34441300000001007
Simple random,98,4.934375,0.09950500000000062,0.1525,2.002000000000001,63.46212500000001,0.4933369999999968
Simple random,99,4.762375,-0.07249499999999998,0.1275,-0.49799999999999844,61.665,-1.3037880000000115
Simple random,100,4.759375,-0.0754949999999992,0.1175,-1.4979999999999993,62.013125,-0.9556630000000084
Simple random,101,4.838625,0.003755000000000841,0.13,-0.24799999999999822,63.194250000000004,0.22546199999999317
Simple random,102,4.854375,0.01950500000000055,0.13125,-0.12299999999999811,62.881375,-0.08741300000001218
Simple random,103,4.716125,-0.11874499999999966,0.115,-1.7479999999999982,62.88675,-0.08203800000001138
Simple random,104,4.8275,-0.007369999999999877,0.1425,1.0020000000000002,62.671875,-0.29691300000001064
Simple random,105,4.897875,0.06300500000000042,0.125,-0.7479999999999987,63.170625,0.2018369999999905
Simple random,106,4.734875,-0.09999499999999983,0.125,-0.7479999999999987,62.252624999999995,-0.7161630000000159
Simple random,107,4.83425,-0.0006199999999996209,0.14375,1.1270000000000002,62.16287500000001,-0.8059130000000039
Simple random,108,4.812875,-0.021994999999999543,0.135,0.2520000000000022,62.983999999999995,0.015211999999984016
Simple random,109,4.717875,-0.1169949999999993,0.115,-1.7479999999999982,61.402875,-1.565913000000009
Simple random,110,4.80375,-0.031119999999999592,0.11125,-2.1229999999999984,62.973125,0.004336999999992486
Simple random,111,4.818499999999999,-0.016370000000000218,0.14,0.7520000000000027,62.92337499999999,-0.04541300000001769
Simple random,112,4.90275,0.0678800000000006,0.14625,1.3770000000000004,62.719125000000005,-0.2496630000000053
Simple random,113,4.921749999999999,0.08687999999999985,0.15625,2.3770000000000016,62.609125000000006,-0.35966300000000473
Simple random,114,4.864875,0.03000500000000006,0.145,1.2520000000000002,62.67274999999999,-0.2960380000000171
Simple random,115,4.921875,0.08700500000000044,0.1625,3.002000000000002,63.93625,0.9674619999999905
Simple random,116,4.763999999999999,-0.07087000000000021,0.11875,-1.3729999999999993,63.2075,0.23871199999999249
Simple random,117,4.804375,-0.030494999999999273,0.13375,0.1270000000000021,62.420750000000005,-0.5480380000000054
Simple random,118,4.809,-0.025869999999999393,0.14125,0.877,62.035,-0.933788000000014
Simple random,119,4.82325,-0.011619999999999742,0.13125,-0.12299999999999811,62.476499999999994,-0.49228800000001627
Simple random,120,4.923,0.08813000000000049,0.14875,1.6270000000000007,63.481875,0.5130869999999916
Simple random,121,4.908875,0.07400500000000054,0.14125,0.877,63.5415,0.5727119999999886
Simple random,122,4.717124999999999,-0.11774500000000021,0.13375,0.1270000000000021,61.15675,-1.8120380000000083
Simple random,123,4.822125,-0.012744999999999784,0.13625,0.37700000000000233,62.648999999999994,-0.31978800000001684
Simple random,124,4.78875,-0.04611999999999927,0.13,-0.24799999999999822,61.92100000000001,-1.0477880000000042
Simple random,125,4.8645000000000005,0.029630000000000933,0.13375,0.1270000000000021,64.115625,1.1468369999999837
Simple random,126,4.69625,-0.13861999999999952,0.11875,-1.3729999999999993,61.93150000000001,-1.0372880000000038
Simple random,127,4.912625,0.07775500000000068,0.135,0.2520000000000022,63.69649999999999,0.7277119999999826
Simple random,128,4.90325,0.06838000000000033,0.14375,1.1270000000000002,63.77675,0.8079619999999892
Simple random,129,4.809374999999999,-0.025495000000000267,0.12125,-1.1229999999999989,62.616499999999995,-0.3522880000000157
Simple random,130,4.685499999999999,-0.14937000000000022,0.10125,-3.122999999999998,62.662625000000006,-0.30616300000000507
Simple random,131,4.922000000000001,0.08713000000000104,0.1325,0.002000000000002,63.602000000000004,0.6332119999999932
Simple random,132,4.838874999999999,0.00400499999999937,0.125,-0.7479999999999987,64.280875,1.312086999999984
Simple random,133,4.8825,0.04763000000000073,0.14,0.7520000000000027,62.028499999999994,-0.9402880000000167
Simple random,134,4.8765,0.0416300000000005,0.1275,-0.49799999999999844,63.03575,0.06696199999998953
Simple random,135,4.914874999999999,0.08000499999999988,0.12625,-0.6229999999999986,63.595124999999996,0.6263369999999853
Simple random,136,4.704625,-0.1302449999999995,0.10625,-2.622999999999999,62.332875,-0.6359130000000093
Simple random,137,4.761875,-0.0729949999999997,0.1425,1.0020000000000002,61.98425,-0.9845380000000077
Simple random,138,4.845875,0.01100500000000082,0.125,-0.7479999999999987,63.197250000000004,0.22846199999999328
Simple random,139,4.862374999999999,0.02750499999999967,0.14,0.7520000000000027,62.87825000000001,-0.09053800000000223
Simple random,140,4.804625,-0.030244999999999855,0.12375,-0.8729999999999988,62.90537500000001,-0.06341300000000416
Simple random,141,4.931749999999999,0.09687999999999963,0.16125,2.8770000000000016,63.310874999999996,0.34208699999998515
Simple random,142,4.9785,0.1436300000000008,0.14625,1.3770000000000004,63.844249999999995,0.8754619999999846
Simple random,143,4.720375000000001,-0.1144949999999989,0.12125,-1.1229999999999989,62.718,-0.2507880000000071
Simple random,144,4.755,-0.07986999999999966,0.12375,-0.8729999999999988,63.445,0.47621199999998964
Simple random,145,4.78725,-0.04761999999999933,0.12125,-1.1229999999999989,62.623999999999995,-0.3447880000000154
Simple random,146,4.7928749999999996,-0.041995000000000005,0.12,-1.247999999999999,62.705749999999995,-0.26303800000001587
Simple random,147,4.787,-0.047869999999999635,0.14875,1.6270000000000007,63.105125,0.13633699999999038
Simple random,148,4.863375,0.028505000000000003,0.155,2.252000000000001,62.11487499999999,-0.8539130000000199
Simple random,149,4.847499999999999,0.012629999999999697,0.145,1.2520000000000002,63.194375,0.2255869999999902
Simple random,150,4.712875,-0.12199499999999919,0.12375,-0.8729999999999988,62.974,0.005211999999986006
Simple random,151,4.860499999999999,0.025629999999999598,0.1475,1.5020000000000007,62.84287500000001,-0.12591300000000416
Simple random,152,4.828125,-0.006744999999999557,0.13,-0.24799999999999822,63.040499999999994,0.07171199999998379
Simple random,153,4.7825,-0.052369999999999806,0.11875,-1.3729999999999993,62.618625,-0.3501630000000091
Simple random,154,4.746124999999999,-0.0887450000000003,0.1225,-0.9979999999999989,62.23587499999999,-0.7329130000000177
Simple random,155,4.9165,0.08163000000000054,0.14875,1.6270000000000007,63.56174999999999,0.5929619999999787
Simple random,156,4.81975,-0.015119999999999578,0.14375,1.1270000000000002,63.398875,0.4300869999999861
Simple random,157,4.922375,0.08750500000000017,0.1525,2.002000000000001,63.165875,0.19708699999998913
Simple random,158,4.92425,0.08938000000000024,0.145,1.2520000000000002,63.181999999999995,0.21321199999998441
Simple random,159,4.922875,0.08800500000000078,0.1375,0.5020000000000024,63.656625000000005,0.6878369999999947
Simple random,160,4.815125,-0.019744999999999457,0.12,-1.247999999999999,62.66825000000001,-0.3005380000000031
Simple random,161,4.849500000000001,0.014630000000001253,0.1425,1.0020000000000002,63.54275,0.5739619999999874
Simple random,162,4.775,-0.0598699999999992,0.11875,-1.3729999999999993,62.4895,-0.47928800000001104
Simple random,163,4.877750000000001,0.04288000000000114,0.13875,0.6270000000000026,62.1575,-0.8112880000000118
Simple random,164,4.812250000000001,-0.022619999999998974,0.10875,-2.372999999999999,62.07612499999999,-0.8926630000000202
Simple random,165,4.9517500000000005,0.11688000000000098,0.15125,1.877000000000001,64.07575000000001,1.1069620000000029
Simple random,166,4.7035,-0.13136999999999954,0.11375,-1.8729999999999982,63.538500000000006,0.5697119999999956
Simple random,167,4.685625,-0.14924499999999963,0.12,-1.247999999999999,62.910625,-0.058163000000007514
Simple random,168,4.772625,-0.062244999999999884,0.10625,-2.622999999999999,62.57962500000001,-0.3891630000000035
Simple random,169,4.852250000000001,0.01738000000000106,0.13125,-0.12299999999999811,63.846000000000004,0.877211999999993
Simple random,170,4.808125,-0.02674499999999913,0.13875,0.6270000000000026,62.697250000000004,-0.2715380000000067
Simple random,171,4.814875,-0.019994999999999763,0.125,-0.7479999999999987,63.07875,0.10996199999998879
Simple random,172,4.75725,-0.07761999999999958,0.12375,-0.8729999999999988,62.138875,-0.8299130000000119
Simple random,173,4.9885,0.1536300000000006,0.1425,1.0020000000000002,63.264624999999995,0.2958369999999846
Simple random,174,4.757,-0.07786999999999988,0.1225,-0.9979999999999989,61.937749999999994,-1.0310380000000166
Simple random,175,4.8525,0.01763000000000048,0.135,0.2520000000000022,62.840125,-0.12866300000001019
Simple random,176,4.750375,-0.08449499999999954,0.1325,0.002000000000002,62.518625000000014,-0.4501629999999963
Simple random,177,4.763,-0.07186999999999966,0.11875,-1.3729999999999993,63.717375000000004,0.7485869999999935
Simple random,178,4.8161249999999995,-0.01874500000000001,0.12,-1.247999999999999,63.594875,0.6260869999999912
Simple random,179,4.865875,0.031005000000000393,0.12625,-0.6229999999999986,63.796125,0.8273369999999929
Simple random,180,4.746125,-0.08874499999999941,0.12,-1.247999999999999,62.66775,-0.3010380000000126
Simple random,181,4.854749999999999,0.019879999999999676,0.12875,-0.37299999999999833,62.75825,-0.21053800000001388
Simple random,182,4.731625,-0.10324499999999937,0.13375,0.1270000000000021,60.851000000000006,-2.1177880000000044
Simple random,183,4.903375,0.06850500000000004,0.1425,1.0020000000000002,62.934625,-0.03416300000001371
Simple random,184,4.86225,0.027380000000000848,0.1375,0.5020000000000024,63.315875000000005,0.3470869999999948
Simple random,185,4.853,0.0181300000000002,0.13625,0.37700000000000233,63.3375,0.36871199999998794
Simple random,186,4.851375,0.016505000000000436,0.14125,0.877,62.720875,-0.24791300000001115
Simple random,187,4.95625,0.12138000000000027,0.15125,1.877000000000001,63.158500000000004,0.189711999999993
Simple random,188,4.957625,0.12275500000000061,0.1425,1.0020000000000002,64.061,1.0922119999999964
Simple random,189,4.71375,-0.12111999999999945,0.11875,-1.3729999999999993,62.526125,-0.44266300000001024
Simple random,190,4.82775,-0.007119999999999571,0.11625,-1.622999999999998,63.04325,0.07446199999998981
Simple random,191,4.792624999999999,-0.04224500000000031,0.13125,-0.12299999999999811,63.18475,0.21596199999999044
Simple random,192,4.718500000000001,-0.11636999999999897,0.12875,-0.37299999999999833,61.859875,-1.1089130000000083
Simple random,193,4.886125,0.05125500000000027,0.135,0.2520000000000022,62.7905,-0.1782880000000091
Simple random,194,4.791,-0.04386999999999919,0.12125,-1.1229999999999989,62.892250000000004,-0.07653800000000643
Simple random,195,4.842625,0.0077550000000004005,0.12125,-1.1229999999999989,61.66875,-1.3000380000000078
Simple random,196,4.82275,-0.012119999999999465,0.1325,0.002000000000002,62.953875,-0.014913000000014165
Simple random,197,4.943875,0.10900500000000068,0.155,2.252000000000001,62.908375,-0.06041300000001115
Simple random,198,4.937875,0.10300500000000046,0.1475,1.5020000000000007,63.841750000000005,0.872961999999994
Simple random,199,4.736625,-0.09824499999999947,0.1325,0.002000000000002,62.899875,-0.0689130000000091
Simple random,200,4.832375,-0.002494999999999692,0.1425,1.0020000000000002,62.79975,-0.16903800000000757
Simple random,201,4.835375,0.0005050000000004218,0.125,-0.7479999999999987,62.02075000000001,-0.9480380000000039
Simple random,202,4.905125,0.0702550000000004,0.145,1.2520000000000002,62.656499999999994,-0.31228800000001655
Simple random,203,4.813375,-0.02149499999999982,0.1225,-0.9979999999999989,62.12237499999999,-0.8464130000000196
Simple random,204,4.823375,-0.011494999999999145,0.11625,-1.622999999999998,62.864,-0.10478800000001343
Simple random,205,4.84725,0.01238000000000028,0.14875,1.6270000000000007,63.049875,0.08108699999998947
Simple random,206,4.880125,0.045255000000000045,0.14375,1.1270000000000002,63.811875,0.8430869999999899
Simple random,207,4.85125,0.016380000000000727,0.1425,1.0020000000000002,62.772124999999996,-0.19666300000001513
Simple random,208,4.840125,0.00525500000000001,0.13625,0.37700000000000233,63.636375,0.6675869999999904
Simple random,209,4.860375,0.025505000000000777,0.13375,0.1270000000000021,62.836000000000006,-0.132788000000005
Simple random,210,4.866125,0.0312550000000007,0.125,-0.7479999999999987,63.12762500000001,0.15883699999999834
Simple random,211,4.76975,-0.0651199999999994,0.1425,1.0020000000000002,62.799875,-0.16891300000001053
Simple random,212,5.048625,0.2137550000000008,0.165,3.252000000000002,64.25399999999999,1.28521199999998
Simple random,213,4.87125,0.0363800000000003,0.125,-0.7479999999999987,63.26975,0.3009619999999913
Simple random,214,4.851875,0.01700500000000016,0.1325,0.002000000000002,63.6435,0.6747119999999924
Simple random,215,4.781625,-0.05324499999999954,0.12625,-0.6229999999999986,61.81575,-1.1530380000000093
Simple random,216,4.9624999999999995,0.1276299999999999,0.13625,0.37700000000000233,62.66025,-0.30853800000001286
Simple random,217,4.77775,-0.057119999999999393,0.1175,-1.4979999999999993,63.440625,0.4718369999999865
Simple random,218,4.826499999999999,-0.00837000000000021,0.14625,1.3770000000000004,63.256750000000004,0.28796199999999317
Simple random,219,4.857749999999999,0.02287999999999979,0.1175,-1.4979999999999993,63.253125,0.2843369999999865
Simple random,220,4.820374999999999,-0.014495000000000147,0.12,-1.247999999999999,63.6605,0.6917119999999883
Simple random,221,4.918875,0.08400500000000033,0.14,0.7520000000000027,62.421375,-0.547413000000013
Simple random,222,4.808625,-0.026244999999999408,0.11625,-1.622999999999998,63.90225,0.9334619999999916
Simple random,223,4.732875,-0.10199499999999961,0.10125,-3.122999999999998,62.717749999999995,-0.2510380000000154
Simple random,224,4.70125,-0.13361999999999963,0.11,-2.2479999999999984,62.50425,-0.46453800000001166
Simple random,225,5.01225,0.17738000000000032,0.17,3.7520000000000024,63.549,0.5802119999999888
Simple random,226,4.83875,0.0038800000000005497,0.12,-1.247999999999999,63.931125,0.9623369999999909
Simple random,227,4.972875,0.1380050000000006,0.16125,2.8770000000000016,63.136875,0.16808699999999277
Simple random,228,4.866125,0.0312550000000007,0.145,1.2520000000000002,63.330124999999995,0.3613369999999847
Simple random,229,4.859,0.02413000000000043,0.14125,0.877,63.462875000000004,0.4940869999999933
Simple random,230,4.7379999999999995,-0.09687000000000001,0.11,-2.2479999999999984,62.31575,-0.6530380000000093
Simple random,231,4.839124999999999,0.004254999999999676,0.13375,0.1270000000000021,62.79475,-0.17403800000001013
Simple random,232,4.909875,0.07500500000000088,0.12375,-0.8729999999999988,63.869625,0.9008369999999886
Simple random,233,4.726625,-0.10824499999999926,0.1175,-1.4979999999999993,61.90299999999999,-1.065788000000019
Simple random,234,4.91725,0.08238000000000056,0.13,-0.24799999999999822,63.263000000000005,0.2942119999999946
Simple random,235,4.936625,0.1017550000000007,0.13125,-0.12299999999999811,63.71450000000001,0.7457119999999975
Simple random,236,4.848249999999999,0.013379999999999725,0.11875,-1.3729999999999993,63.351749999999996,0.3829619999999849
Simple random,237,4.746625,-0.08824499999999968,0.125,-0.7479999999999987,62.51275,-0.4560380000000137
Simple random,238,4.84375,0.008880000000000443,0.12,-1.247999999999999,63.65625000000001,0.6874619999999965
Simple random,239,4.793375,-0.041494999999999393,0.13125,-0.12299999999999811,61.983374999999995,-0.9854130000000154
Simple random,240,4.93875,0.1038800000000002,0.13625,0.37700000000000233,63.34325,0.37446199999998697
Simple random,241,4.755,-0.07986999999999966,0.12375,-0.8729999999999988,62.93925,-0.02953800000000939
Simple random,242,4.81475,-0.02011999999999947,0.13125,-0.12299999999999811,62.622375000000005,-0.3464130000000054
Simple random,243,4.8945,0.059630000000000294,0.14,0.7520000000000027,62.468374999999995,-0.500413000000016
Simple random,244,4.825500000000001,-0.009369999999998768,0.12375,-0.8729999999999988,62.378375,-0.5904130000000123
Simple random,245,4.942875,0.10800500000000035,0.15125,1.877000000000001,63.335499999999996,0.3667119999999855
Simple random,246,4.892250000000001,0.0573800000000011,0.14,0.7520000000000027,63.515625,0.5468369999999894
Simple random,247,4.9521250000000006,0.117255000000001,0.13375,0.1270000000000021,63.615125000000006,0.6463369999999955
Simple random,248,4.9675,0.1326300000000007,0.1325,0.002000000000002,63.082750000000004,0.11396199999999368
Simple random,249,4.7642500000000005,-0.07061999999999902,0.12125,-1.1229999999999989,62.523625,-0.44516300000000797
Simple random,250,4.947875,0.11300500000000024,0.15375,2.127000000000001,63.744625,0.7758369999999886
Simple random,251,4.897125,0.06225500000000039,0.14,0.7520000000000027,63.933125,0.9643369999999862
Simple random,252,4.79775,-0.03711999999999982,0.125,-0.7479999999999987,62.499375,-0.46941300000001007
Simple random,253,4.8077499999999995,-0.027120000000000033,0.1375,0.5020000000000024,62.33949999999999,-0.6292880000000238
Simple random,254,4.9083749999999995,0.07350499999999993,0.1375,0.5020000000000024,64.444875,1.4760869999999855
Simple random,255,4.88725,0.052380000000000315,0.14625,1.3770000000000004,63.401624999999996,0.43283699999998504
Simple random,256,4.859125000000001,0.024255000000001026,0.12875,-0.37299999999999833,63.854625000000006,0.8858369999999951
Simple random,257,4.71925,-0.11561999999999983,0.0925,-3.997999999999999,61.95112499999999,-1.0176630000000202
Simple random,258,4.7475,-0.08736999999999995,0.145,1.2520000000000002,61.778375,-1.1904130000000137
Simple random,259,4.821375000000001,-0.013494999999998925,0.135,0.2520000000000022,62.5005,-0.46828800000000825
Simple random,260,4.9855,0.15063000000000049,0.13625,0.37700000000000233,63.54362499999999,0.574836999999981
Simple random,261,4.82775,-0.007119999999999571,0.13625,0.37700000000000233,63.235375,0.26658699999998703
Simple random,262,4.785875,-0.04899499999999968,0.12375,-0.8729999999999988,62.4435,-0.5252880000000104
Simple random,263,4.80475,-0.03011999999999926,0.115,-1.7479999999999982,62.17274999999999,-0.7960380000000171
Simple random,264,4.86925,0.03438000000000052,0.12625,-0.6229999999999986,62.683375,-0.2854130000000126
Simple random,265,4.858125,0.023255000000000692,0.13,-0.24799999999999822,62.826750000000004,-0.14203800000000655
Simple random,266,4.7535,-0.08136999999999972,0.12125,-1.1229999999999989,62.4445,-0.5242880000000127
Simple random,267,4.738375,-0.096495,0.125,-0.7479999999999987,62.608125,-0.3606630000000095
Simple random,268,4.83975,0.004880000000000884,0.12625,-0.6229999999999986,64.5615,1.5927119999999846
Simple random,269,4.9076249999999995,0.0727549999999999,0.155,2.252000000000001,63.51137500000001,0.5425869999999975
Simple random,270,4.811,-0.023869999999999614,0.13,-0.24799999999999822,62.36075000000001,-0.6080380000000005
Simple random,271,4.831874999999999,-0.002995000000000303,0.12125,-1.1229999999999989,63.185125000000006,0.21633699999999578
Simple random,272,4.882999999999999,0.04812999999999956,0.13,-0.24799999999999822,63.457125,0.48833699999998714
Simple random,273,4.714375,-0.12049499999999913,0.13625,0.37700000000000233,63.027875,0.05908699999999101
Simple random,274,4.765625,-0.06924499999999956,0.1125,-1.9979999999999984,62.680249999999994,-0.28853800000001684
Simple random,275,4.9135,0.07863000000000042,0.145,1.2520000000000002,63.935500000000005,0.966711999999994
Simple random,276,4.769875,-0.06499499999999969,0.115,-1.7479999999999982,61.60787500000001,-1.3609130000000036
Simple random,277,4.9742500000000005,0.13938000000000095,0.1425,1.0020000000000002,64.137625,1.1688369999999892
Simple random,278,4.8825,0.04763000000000073,0.13,-0.24799999999999822,63.291125,0.3223369999999903
Simple random,279,4.7655,-0.06936999999999927,0.14,0.7520000000000027,62.948375,-0.020413000000012005
Simple random,280,4.796125,-0.038744999999999585,0.1375,0.5020000000000024,63.011375,0.04258699999999038
Simple random,281,4.87725,0.04238000000000053,0.13,-0.24799999999999822,61.557625,-1.411163000000009
Simple random,282,4.741375,-0.09349499999999988,0.13375,0.1270000000000021,61.575500000000005,-1.3932880000000054
Simple random,283,4.845125,0.010255000000000791,0.12625,-0.6229999999999986,62.48675,-0.48203800000000996
Simple random,284,4.831124999999999,-0.0037450000000003314,0.1425,1.0020000000000002,62.903875,-0.06491300000001132
Simple random,285,4.778250000000001,-0.05661999999999878,0.12125,-1.1229999999999989,63.367999999999995,0.39921199999998436
Simple random,286,4.8075,-0.02736999999999945,0.12375,-0.8729999999999988,63.044250000000005,0.07546199999999459
Simple random,287,4.8375,0.0026300000000007984,0.145,1.2520000000000002,63.250249999999994,0.28146199999998345
Simple random,288,4.887874999999999,0.05300499999999975,0.14,0.7520000000000027,63.869875,0.9010869999999898
Simple random,289,4.84325,0.00838000000000072,0.12,-1.247999999999999,62.83975,-0.12903800000000842
Simple random,290,4.956375,0.12150500000000086,0.14875,1.6270000000000007,63.867,0.8982119999999867
Simple random,291,4.7805,-0.054369999999999585,0.1325,0.002000000000002,63.17850000000001,0.20971199999999612
Simple random,292,4.814875,-0.019994999999999763,0.13,-0.24799999999999822,62.266125,-0.7026630000000083
Simple random,293,4.94875,0.11388000000000087,0.1575,2.5020000000000016,63.1665,0.19771199999998856
Simple random,294,4.92575,0.0908800000000003,0.155,2.252000000000001,62.952749999999995,-0.016038000000015984
Simple random,295,4.8953750000000005,0.06050500000000092,0.1575,2.5020000000000016,63.6425,0.6737119999999877
Simple random,296,4.72,-0.1148699999999998,0.13125,-0.12299999999999811,61.810625,-1.158163000000009
Simple random,297,4.8535,0.018630000000000813,0.135,0.2520000000000022,64.028125,1.0593369999999922
Simple random,298,5.0385,0.20363000000000042,0.16,2.7520000000000016,63.792625,0.8238369999999904
Simple random,299,4.846750000000001,0.011880000000001445,0.15125,1.877000000000001,62.83325000000001,-0.13553800000000393
Simple random,300,4.819624999999999,-0.015245000000000175,0.11875,-1.3729999999999993,62.507124999999995,-0.4616630000000157
Simple random,301,4.8058749999999995,-0.028995000000000104,0.12375,-0.8729999999999988,64.64524999999999,1.6764619999999795
Simple random,302,4.86525,0.030380000000000074,0.14,0.7520000000000027,63.805375,0.8365869999999873
Simple random,303,4.7875,-0.04736999999999991,0.13125,-0.12299999999999811,62.381,-0.5877880000000104
Simple random,304,4.8317499999999995,-0.0031200000000000117,0.15125,1.877000000000001,64.141875,1.1730869999999882
Simple random,305,4.840999999999999,0.006129999999999747,0.13125,-0.12299999999999811,63.568374999999996,0.5995869999999854
Simple random,306,4.764500000000001,-0.07036999999999871,0.12625,-0.6229999999999986,62.83424999999999,-0.13453800000002047
Simple random,307,4.8546249999999995,0.019754999999999967,0.15,1.7520000000000007,63.390249999999995,0.421461999999984
Simple random,308,4.844125,0.009255000000000457,0.14375,1.1270000000000002,63.335750000000004,0.3669619999999938
Simple random,309,4.844875,0.010005000000000486,0.12375,-0.8729999999999988,63.836625000000005,0.8678369999999944
Simple random,310,4.833875000000001,-0.0009949999999987469,0.1275,-0.49799999999999844,63.54387500000001,0.5750869999999964
Simple random,311,4.7303749999999996,-0.104495,0.1275,-0.49799999999999844,63.153125,0.1843369999999922
Simple random,312,4.8371249999999995,0.002254999999999896,0.14625,1.3770000000000004,62.84349999999999,-0.12528800000001894
Simple random,313,4.882375,0.04750500000000013,0.14125,0.877,64.282625,1.3138369999999853
Simple random,314,4.879874999999999,0.04500499999999974,0.13375,0.1270000000000021,62.83925,-0.1295380000000108
Simple random,315,4.704,-0.13086999999999982,0.12,-1.247999999999999,63.37875,0.40996199999998595
Simple random,316,4.844875,0.010005000000000486,0.13875,0.6270000000000026,63.523125,0.5543369999999896
Simple random,317,4.8816250000000005,0.04675500000000099,0.13125,-0.12299999999999811,63.12225,0.15346199999999044
Simple random,318,4.8069999999999995,-0.02787000000000006,0.13875,0.6270000000000026,63.095499999999994,0.1267119999999835
Simple random,319,4.883625,0.04875500000000077,0.13625,0.37700000000000233,64.37774999999999,1.4089619999999812
Simple random,320,4.871375,0.03650500000000001,0.13625,0.37700000000000233,63.207375,0.23858699999998834
Simple random,321,4.85525,0.020380000000000287,0.115,-1.7479999999999982,63.04125,0.07246199999998737
Simple random,322,4.8088750000000005,-0.025994999999999102,0.13375,0.1270000000000021,62.701499999999996,-0.26728800000001485
Simple random,323,4.797375,-0.037494999999999834,0.13875,0.6270000000000026,62.963625,-0.005163000000010243
Simple random,324,4.845625,0.010755000000000514,0.125,-0.7479999999999987,62.8115,-0.1572880000000083
Simple random,325,4.934875,0.10000500000000034,0.13375,0.1270000000000021,63.58625,0.6174619999999891
Simple random,326,4.667875,-0.16699499999999912,0.125,-0.7479999999999987,62.016625000000005,-0.9521630000000059
Simple random,327,4.684,-0.1508699999999994,0.12125,-1.1229999999999989,62.454375,-0.5144130000000118
Simple random,328,4.894125,0.05925500000000028,0.14375,1.1270000000000002,62.310125,-0.6586630000000113
Simple random,329,4.77625,-0.05861999999999945,0.14875,1.6270000000000007,63.857749999999996,0.8889619999999852
Simple random,330,4.9026250000000005,0.0677550000000009,0.14,0.7520000000000027,63.108125,0.1393369999999905
Simple random,331,4.84125,0.006380000000000052,0.1275,-0.49799999999999844,63.042125,0.073336999999988
Simple random,332,4.8095,-0.02536999999999967,0.1225,-0.9979999999999989,63.529125,0.5603369999999899
Simple random,333,4.80475,-0.03011999999999926,0.14,0.7520000000000027,61.809125,-1.159663000000009
Simple random,334,4.914750000000001,0.07988000000000106,0.14375,1.1270000000000002,63.8925,0.9237119999999877
Simple random,335,4.894125,0.05925500000000028,0.15625,2.3770000000000016,63.749500000000005,0.7807119999999941
Simple random,336,4.6911249999999995,-0.143745,0.125,-0.7479999999999987,61.711875,-1.2569130000000115
Simple random,337,4.835249999999999,0.0003799999999998249,0.13875,0.6270000000000026,62.91637500000001,-0.052413000000001375
Simple random,338,4.685625,-0.14924499999999963,0.13125,-0.12299999999999811,62.430375000000005,-0.5384130000000056
Simple random,339,4.8375,0.0026300000000007984,0.11875,-1.3729999999999993,63.07525,0.10646199999998629
Simple random,340,4.879125,0.0442550000000006,0.16125,2.8770000000000016,63.655125,0.6863369999999875
Simple random,341,4.8475,0.012630000000000585,0.1175,-1.4979999999999993,64.16787500000001,1.1990869999999987
Simple random,342,4.930375000000001,0.09550500000000106,0.12125,-1.1229999999999989,63.77612499999999,0.8073369999999827
Simple random,343,4.84875,0.013880000000000337,0.13,-0.24799999999999822,62.969875,0.0010869999999911784
Simple random,344,4.89625,0.061380000000000656,0.15125,1.877000000000001,63.377125,0.40833699999998885
Simple random,345,4.794125,-0.040744999999999365,0.14625,1.3770000000000004,63.17037500000001,0.2015869999999964
Simple random,346,4.968624999999999,0.13375499999999985,0.15625,2.3770000000000016,62.97087500000001,0.002086999999995953
Simple random,347,4.860625,0.025755000000000194,0.1225,-0.9979999999999989,64.113625,1.1448369999999883
Simple random,348,4.81925,-0.015619999999999301,0.11125,-2.1229999999999984,63.418125,0.44933699999999277
Simple random,349,4.934125,0.09925500000000032,0.14375,1.1270000000000002,63.18,0.21121199999998908
Simple random,350,4.70175,-0.1331199999999999,0.09375,-3.8729999999999984,63.136875,0.16808699999999277
Simple random,351,4.754875,-0.07999499999999937,0.12375,-0.8729999999999988,62.346875,-0.6219130000000135
Simple random,352,4.848375,0.013505000000000322,0.12875,-0.37299999999999833,62.913125,-0.05566300000000979
Simple random,353,4.861875,0.027005000000000834,0.11875,-1.3729999999999993,62.626125,-0.3426630000000088
Simple random,354,4.89475,0.0598800000000006,0.13,-0.24799999999999822,63.943875,0.9750869999999878
Simple random,355,4.844375,0.009505000000000763,0.13,-0.24799999999999822,63.0855,0.1167119999999926
Simple random,356,4.83,-0.004869999999999486,0.12625,-0.6229999999999986,63.333875000000006,0.3650869999999955
Simple random,357,4.865875,0.031005000000000393,0.13625,0.37700000000000233,62.185874999999996,-0.7829130000000148
Simple random,358,4.944,0.1091300000000004,0.15,1.7520000000000007,63.710249999999995,0.7414619999999843
Simple random,359,4.899375,0.06450500000000048,0.12875,-0.37299999999999833,62.920249999999996,-0.04853800000001485
Simple random,360,4.756,-0.07886999999999933,0.1125,-1.9979999999999984,63.279624999999996,0.31083699999998515
Simple random,361,4.773125,-0.06174499999999927,0.1375,0.5020000000000024,63.225125,0.2563369999999878
Simple random,362,4.86875,0.0338800000000008,0.1375,0.5020000000000024,64.040125,1.0713369999999927
Simple random,363,4.8107500000000005,-0.02411999999999903,0.135,0.2520000000000022,62.778125,-0.1906630000000078
Simple random,364,4.823499999999999,-0.011370000000000324,0.12875,-0.37299999999999833,63.062250000000006,0.09346199999999527
Simple random,365,4.8713750000000005,0.0365050000000009,0.1275,-0.49799999999999844,62.569874999999996,-0.3989130000000145
Simple random,366,4.789750000000001,-0.04511999999999894,0.135,0.2520000000000022,61.7865,-1.182288000000014
Simple random,367,4.693375,-0.14149499999999993,0.11,-2.2479999999999984,62.70825,-0.26053800000001104
Simple random,368,4.88025,0.04538000000000064,0.1375,0.5020000000000024,63.847125,0.8783369999999877
Simple random,369,4.880375,0.04550500000000035,0.12875,-0.37299999999999833,63.4705,0.5017119999999906
Simple random,370,4.788125,-0.04674499999999959,0.1325,0.002000000000002,63.430249999999994,0.46146199999998316
Simple random,371,4.795125,-0.03974499999999992,0.13125,-0.12299999999999811,63.241749999999996,0.2729619999999855
Simple random,372,4.875875000000001,0.04100500000000107,0.13625,0.37700000000000233,62.179875,-0.788913000000008
Simple random,373,4.87425,0.039380000000000415,0.15625,2.3770000000000016,63.426,0.4572119999999913
Simple random,374,4.86,0.025130000000000763,0.13125,-0.12299999999999811,62.333125,-0.6356630000000081
Simple random,375,4.844875,0.010005000000000486,0.1475,1.5020000000000007,63.231875,0.26308699999999163
Simple random,376,4.790125000000001,-0.044744999999998925,0.11625,-1.622999999999998,63.045125000000006,0.07633699999999521
Simple random,377,4.982749999999999,0.1478799999999998,0.1475,1.5020000000000007,63.382625000000004,0.4138369999999938
Simple random,378,4.95125,0.11638000000000037,0.15125,1.877000000000001,64.392875,1.424086999999993
Simple random,379,4.7775,-0.0573699999999997,0.12375,-0.8729999999999988,62.440375,-0.5284130000000076
Simple random,380,4.800750000000001,-0.03411999999999882,0.10875,-2.372999999999999,63.044,0.07521199999998629
Simple random,381,4.827625,-0.00724499999999928,0.12375,-0.8729999999999988,62.33625,-0.6325380000000109
Simple random,382,4.8313749999999995,-0.003495000000000026,0.1275,-0.49799999999999844,62.87375,-0.0950380000000095
Simple random,383,4.93375,0.0988800000000003,0.12625,-0.6229999999999986,62.28212500000001,-0.6866630000000029
Simple random,384,4.7478750000000005,-0.08699499999999905,0.10375,-2.8729999999999993,62.741375,-0.22741300000001274
Simple random,385,4.83875,0.0038800000000005497,0.13625,0.37700000000000233,63.266125,0.29733699999999175
Simple random,386,4.9128750000000005,0.07800500000000099,0.14375,1.1270000000000002,62.949625,-0.019163000000013142
Simple random,387,4.926875000000001,0.09200500000000122,0.1175,-1.4979999999999993,64.90025,1.9314619999999891
Simple random,388,4.84425,0.009380000000000166,0.12875,-0.37299999999999833,62.544125,-0.42466300000000956
Simple random,389,4.795375,-0.039494999999999614,0.13,-0.24799999999999822,63.4805,0.5117119999999886
Simple random,390,4.734624999999999,-0.10024500000000014,0.1175,-1.4979999999999993,61.765499999999996,-1.2032880000000148
Simple random,391,4.726749999999999,-0.10812000000000044,0.115,-1.7479999999999982,62.54712500000001,-0.42166300000000234
Simple random,392,4.7775,-0.0573699999999997,0.1175,-1.4979999999999993,62.524375,-0.4444130000000115
Simple random,393,4.795750000000001,-0.03911999999999871,0.1275,-0.49799999999999844,62.08887500000001,-0.8799130000000019
Simple random,394,4.8125,-0.022369999999999557,0.12625,-0.6229999999999986,62.847625,-0.1211630000000099
Simple random,395,4.827125,-0.007744999999999891,0.1325,0.002000000000002,63.3085,0.3397119999999916
Simple random,396,4.7829999999999995,-0.05187000000000008,0.14375,1.1270000000000002,63.12537499999999,0.1565869999999805
Simple random,397,4.82525,-0.009619999999999962,0.13,-0.24799999999999822,63.55637500000001,0.5875869999999992
Simple random,398,4.9495000000000005,0.1146300000000009,0.1325,0.002000000000002,64.92587499999999,1.95708699999998
Simple random,399,4.9277500000000005,0.09288000000000096,0.14125,0.877,64.570125,1.6013369999999938
Simple random,400,4.83675,0.00188000000000077,0.14125,0.877,63.852250000000005,0.8834619999999944
Proportional stratified,1,4.83975,0.004880000000000884,0.12625,-0.6229999999999986,63.8125,0.8437119999999894
Proportional stratified,2,4.761625,-0.07324499999999912,0.12875,-0.37299999999999833,63.34450000000001,0.37571200000000005
Proportional stratified,3,4.77875,-0.05611999999999995,0.1275,-0.49799999999999844,62.4495,-0.5192880000000102
Proportional stratified,4,4.813375000000001,-0.02149499999999893,0.12875,-0.37299999999999833,61.88399999999999,-1.0847880000000174
Proportional stratified,5,4.815875,-0.01899499999999943,0.1325,0.002000000000002,62.611875,-0.3569130000000129
Proportional stratified,6,4.922625,0.08775500000000047,0.14375,1.1270000000000002,63.249500000000005,0.2807119999999941
Proportional stratified,7,4.843624999999999,0.008754999999999846,0.155,2.252000000000001,62.150375000000004,-0.8184130000000067
Proportional stratified,8,4.861,0.02613000000000021,0.1525,2.002000000000001,61.920249999999996,-1.0485380000000148
Proportional stratified,9,4.84225,0.007380000000000386,0.14375,1.1270000000000002,62.917875,-0.050913000000008424
Proportional stratified,10,4.837,0.0021300000000001873,0.13625,0.37700000000000233,63.203125,0.23433699999998936
Proportional stratified,11,4.75925,-0.0756199999999998,0.11,-2.2479999999999984,62.125125,-0.8436630000000136
Proportional stratified,12,5.035875000000001,0.2010050000000012,0.16125,2.8770000000000016,62.85375,-0.11503800000001263
Proportional stratified,13,4.95675,0.12188000000000088,0.12875,-0.37299999999999833,63.17262500000001,0.20383700000000005
Proportional stratified,14,4.80325,-0.031619999999999315,0.13875,0.6270000000000026,63.695125,0.7263369999999867
Proportional stratified,15,4.843625,0.008755000000000734,0.13,-0.24799999999999822,62.914624999999994,-0.05416300000001684
Proportional stratified,16,4.751625000000001,-0.0832449999999989,0.1225,-0.9979999999999989,63.1665,0.19771199999998856
Proportional stratified,17,4.829625,-0.0052449999999995,0.13875,0.6270000000000026,61.8405,-1.128288000000012
Proportional stratified,18,4.866375000000001,0.031505000000001004,0.15,1.7520000000000007,62.63875,-0.33003800000000894
Proportional stratified,19,4.8778749999999995,0.04300499999999996,0.1375,0.5020000000000024,63.63625,0.6674619999999862
Proportional stratified,20,4.7433749999999995,-0.0914950000000001,0.12375,-0.8729999999999988,63.09425,0.12546199999999175
Proportional stratified,21,4.863875,0.029005000000000614,0.145,1.2520000000000002,63.485499999999995,0.5167119999999841
Proportional stratified,22,4.8025,-0.032369999999999344,0.13875,0.6270000000000026,62.884375000000006,-0.08441300000000496
Proportional stratified,23,4.76575,-0.06911999999999985,0.12375,-0.8729999999999988,63.60450000000001,0.6357119999999981
Proportional stratified,24,4.89675,0.06188000000000038,0.1375,0.5020000000000024,62.690250000000006,-0.2785380000000046
Proportional stratified,25,4.783,-0.051869999999999195,0.1175,-1.4979999999999993,63.267875000000004,0.299086999999993
Proportional stratified,26,4.84525,0.0103800000000005,0.1375,0.5020000000000024,63.053999999999995,0.0852119999999843
Proportional stratified,27,4.825875,-0.008994999999999642,0.125,-0.7479999999999987,62.947875,-0.020913000000007287
Proportional stratified,28,4.93825,0.10338000000000047,0.16375,3.127000000000002,62.688625,-0.2801630000000088
Proportional stratified,29,4.816875,-0.017994999999999983,0.12375,-0.8729999999999988,63.36225,0.39346199999999243
Proportional stratified,30,4.766875,-0.0679949999999998,0.1275,-0.49799999999999844,62.725249999999996,-0.24353800000001513
Proportional stratified,31,4.750249999999999,-0.08462000000000014,0.12625,-0.6229999999999986,62.5075,-0.46128800000001036
Proportional stratified,32,4.928,0.09313000000000038,0.1525,2.002000000000001,63.4025,0.43371199999999277
Proportional stratified,33,4.75225,-0.08261999999999947,0.10375,-2.8729999999999993,62.757625000000004,-0.2111630000000062
Proportional stratified,34,4.82,-0.014869999999999273,0.135,0.2520000000000022,63.189874999999994,0.22108699999998294
Proportional stratified,35,4.895625000000001,0.060755000000001225,0.12875,-0.37299999999999833,62.725125,-0.24366300000001218
Proportional stratified,36,4.88425,0.0493800000000002,0.1525,2.002000000000001,62.586375000000004,-0.3824130000000068
Proportional stratified,37,4.8835,0.04863000000000017,0.15375,2.127000000000001,62.825874999999996,-0.14291300000001428
Proportional stratified,38,4.854125,0.019255000000000244,0.1325,0.002000000000002,63.035625,0.06683699999999249
Proportional stratified,39,4.99825,0.16338000000000008,0.1525,2.002000000000001,63.587250000000004,0.6184619999999938
Proportional stratified,40,4.87375,0.03888000000000069,0.115,-1.7479999999999982,63.469750000000005,0.5009619999999941
Proportional stratified,41,4.836125000000001,0.0012550000000013384,0.1175,-1.4979999999999993,63.235375000000005,0.26658699999999413
Proportional stratified,42,4.938750000000001,0.10388000000000108,0.15625,2.3770000000000016,63.20512500000001,0.2363369999999989
Proportional stratified,43,4.8855,0.05063000000000084,0.12875,-0.37299999999999833,62.57325000000001,-0.39553800000000194
Proportional stratified,44,4.830875,-0.003994999999999749,0.12,-1.247999999999999,62.396875,-0.5719130000000092
Proportional stratified,45,4.797124999999999,-0.03774500000000014,0.13375,0.1270000000000021,62.764875,-0.20391300000000712
Proportional stratified,46,4.805875,-0.028994999999999216,0.12875,-0.37299999999999833,63.16125,0.19246199999999192
Proportional stratified,47,4.74575,-0.08911999999999942,0.125,-0.7479999999999987,63.783125,0.8143369999999877
Proportional stratified,48,4.843750000000001,0.008880000000001331,0.1325,0.002000000000002,63.486625000000004,0.517836999999993
Proportional stratified,49,4.792125,-0.042744999999999145,0.135,0.2520000000000022,62.5745,-0.3942880000000102
Proportional stratified,50,4.88675,0.05188000000000059,0.13875,0.6270000000000026,63.666374999999995,0.6975869999999844
Proportional stratified,51,4.858375,0.02350500000000011,0.13375,0.1270000000000021,62.928374999999996,-0.04041300000001513
Proportional stratified,52,4.821875,-0.012994999999999202,0.13,-0.24799999999999822,63.085874999999994,0.11708699999998373
Proportional stratified,53,4.82,-0.014869999999999273,0.14375,1.1270000000000002,62.28212499999999,-0.6866630000000171
Proportional stratified,54,4.835625,0.0007550000000007273,0.12625,-0.6229999999999986,63.332,0.3632119999999901
Proportional stratified,55,4.833,-0.0018699999999993722,0.12375,-0.8729999999999988,62.39212499999999,-0.5766630000000177
Proportional stratified,56,4.6671249999999995,-0.16774500000000003,0.11875,-1.3729999999999993,62.950500000000005,-0.01828800000000541
Proportional stratified,57,4.799125,-0.03574499999999947,0.1225,-0.9979999999999989,62.604625,-0.364163000000012
Proportional stratified,58,4.9182500000000005,0.0833800000000009,0.14,0.7520000000000027,62.9325,-0.0362880000000132
Proportional stratified,59,4.887375,0.052505000000000024,0.1425,1.0020000000000002,62.993500000000004,0.02471199999999385
Proportional stratified,60,4.778375,-0.05649499999999996,0.12125,-1.1229999999999989,63.034,0.06521199999998828
Proportional stratified,61,4.829249999999999,-0.0056200000000004025,0.12375,-0.8729999999999988,62.812374999999996,-0.1564130000000148
Proportional stratified,62,4.89375,0.058880000000000265,0.13125,-0.12299999999999811,63.023374999999994,0.05458699999998373
Proportional stratified,63,4.891875,0.057005000000000194,0.1475,1.5020000000000007,63.539750000000005,0.5709619999999944
Proportional stratified,64,4.902,0.06713000000000058,0.15125,1.877000000000001,63.53625,0.5674619999999919
Proportional stratified,65,4.923375,0.0885050000000005,0.155,2.252000000000001,62.51,-0.45878800000001263
Proportional stratified,66,4.7703750000000005,-0.06449499999999908,0.11625,-1.622999999999998,63.301375,0.33258699999998953
Proportional stratified,67,4.749375,-0.08549499999999988,0.1225,-0.9979999999999989,62.8775,-0.09128800000001291
Proportional stratified,68,4.7925,-0.04236999999999913,0.11,-2.2479999999999984,63.059375,0.0905869999999922
Proportional stratified,69,4.850874999999999,0.016004999999999825,0.1425,1.0020000000000002,63.393,0.42421199999999004
Proportional stratified,70,4.881875000000001,0.047005000000001296,0.13,-0.24799999999999822,63.48725,0.5184619999999924
Proportional stratified,71,4.753875,-0.0809949999999997,0.1175,-1.4979999999999993,63.456125,0.4873369999999895
Proportional stratified,72,4.879125,0.0442550000000006,0.1225,-0.9979999999999989,62.394,-0.5747880000000123
Proportional stratified,73,4.86225,0.027380000000000848,0.1425,1.0020000000000002,61.9335,-1.0352880000000084
Proportional stratified,74,4.820499999999999,-0.014370000000000438,0.13875,0.6270000000000026,62.93137500000001,-0.03741300000000081
Proportional stratified,75,4.776875,-0.05799499999999913,0.13,-0.24799999999999822,63.589875,0.6210869999999886
Proportional stratified,76,4.837,0.0021300000000001873,0.13625,0.37700000000000233,62.582375,-0.38641300000001166
Proportional stratified,77,4.806125,-0.0287449999999998,0.12375,-0.8729999999999988,63.257875000000006,0.289086999999995
Proportional stratified,78,4.927875,0.09300500000000067,0.13875,0.6270000000000026,63.21087500000001,0.24208699999999794
Proportional stratified,79,4.794,-0.04086999999999996,0.1275,-0.49799999999999844,62.062375,-0.9064130000000077
Proportional stratified,80,4.842125,0.007255000000000678,0.135,0.2520000000000022,63.222875,0.2540869999999913
Proportional stratified,81,4.767875,-0.06699499999999947,0.13,-0.24799999999999822,62.531875,-0.4369130000000112
Proportional stratified,82,4.93975,0.10488000000000053,0.15,1.7520000000000007,62.461999999999996,-0.5067880000000144
Proportional stratified,83,4.880625,0.045755000000000656,0.13625,0.37700000000000233,63.247749999999996,0.2789619999999857
Proportional stratified,84,4.874625,0.03975500000000043,0.1275,-0.49799999999999844,62.9925,0.023711999999989075
Proportional stratified,85,4.88625,0.05138000000000087,0.13875,0.6270000000000026,62.69825,-0.27053800000000905
Proportional stratified,86,4.8885000000000005,0.053630000000000955,0.14125,0.877,62.609875,-0.35891300000000825
Proportional stratified,87,4.867125000000001,0.03225500000000103,0.13875,0.6270000000000026,63.187749999999994,0.21896199999998345
Proportional stratified,88,4.770125,-0.06474499999999939,0.12375,-0.8729999999999988,62.376875,-0.5919130000000123
Proportional stratified,89,4.81775,-0.017119999999999358,0.14,0.7520000000000027,62.717125,-0.25166300000000774
Proportional stratified,90,4.80025,-0.03461999999999943,0.1275,-0.49799999999999844,62.90375,-0.06503800000000837
Proportional stratified,91,4.780625000000001,-0.05424499999999899,0.1575,2.5020000000000016,62.891625000000005,-0.07716300000000587
Proportional stratified,92,4.858125,0.023255000000000692,0.14375,1.1270000000000002,62.86875,-0.10003800000001206
Proportional stratified,93,4.9316249999999995,0.09675499999999992,0.15375,2.127000000000001,62.996625,0.027836999999991008
Proportional stratified,94,4.795125,-0.03974499999999992,0.12125,-1.1229999999999989,63.288125,0.3193369999999902
Proportional stratified,95,4.846375,0.011505000000000543,0.135,0.2520000000000022,63.17725,0.20846199999999016
Proportional stratified,96,4.809625,-0.025244999999999962,0.12875,-0.37299999999999833,62.718125,-0.25066300000001007
Proportional stratified,97,4.80875,-0.0261199999999997,0.11875,-1.3729999999999993,62.58237499999999,-0.38641300000001877
Proportional stratified,98,4.9225,0.08763000000000076,0.12875,-0.37299999999999833,63.278875000000006,0.3100869999999958
Proportional stratified,99,4.892125,0.0572550000000005,0.13375,0.1270000000000021,63.037625,0.06883699999998782
Proportional stratified,100,4.883375,0.048505000000000464,0.13875,0.6270000000000026,63.256875,0.2880869999999902
Proportional stratified,101,4.9022499999999996,0.06738,0.15,1.7520000000000007,63.379,0.41021199999998714
Proportional stratified,102,4.826249999999999,-0.008620000000000516,0.12625,-0.6229999999999986,63.21787500000001,0.24908699999999584
Proportional stratified,103,4.80675,-0.02811999999999948,0.13,-0.24799999999999822,62.941,-0.02778800000000814
Proportional stratified,104,4.8325,-0.0023699999999999832,0.14125,0.877,62.345749999999995,-0.6230380000000153
Proportional stratified,105,4.90425,0.06938000000000066,0.14375,1.1270000000000002,62.557875,-0.41091300000000786
Proportional stratified,106,4.841375,0.006505000000000649,0.1125,-1.9979999999999984,63.02625,0.0574619999999868
Proportional stratified,107,4.846375,0.011505000000000543,0.13125,-0.12299999999999811,62.92674999999999,-0.04203800000001934
Proportional stratified,108,4.82725,-0.007619999999999294,0.12875,-0.37299999999999833,62.788125,-0.1806630000000098
Proportional stratified,109,4.832375,-0.002494999999999692,0.12,-1.247999999999999,63.194500000000005,0.22571199999999436
Proportional stratified,110,4.824375,-0.010494999999999699,0.125,-0.7479999999999987,62.10475,-0.8640380000000079
Proportional stratified,111,4.836875,0.0020050000000004786,0.13375,0.1270000000000021,63.35425,0.38546199999998976
Proportional stratified,112,4.768624999999999,-0.06624500000000033,0.12,-1.247999999999999,63.031375000000004,0.06258699999999351
Proportional stratified,113,4.883375,0.048505000000000464,0.14625,1.3770000000000004,62.64149999999999,-0.3272880000000171
Proportional stratified,114,4.74825,-0.08661999999999992,0.1175,-1.4979999999999993,62.48350000000001,-0.48528800000000416
Proportional stratified,115,4.89025,0.05538000000000043,0.14375,1.1270000000000002,63.474875000000004,0.5060869999999937
Proportional stratified,116,4.824625,-0.010244999999999393,0.13125,-0.12299999999999811,62.846374999999995,-0.12241300000001587
Proportional stratified,117,4.82375,-0.01111999999999913,0.13125,-0.12299999999999811,63.59349999999999,0.6247119999999811
Proportional stratified,118,4.742875000000001,-0.09199499999999894,0.1275,-0.49799999999999844,63.490375,0.5215869999999896
Proportional stratified,119,4.79425,-0.040619999999999656,0.14125,0.877,62.941875,-0.026913000000007514
Proportional stratified,120,4.833375,-0.001494999999999358,0.1375,0.5020000000000024,63.173625,0.2048369999999906
Proportional stratified,121,4.70925,-0.12561999999999962,0.12625,-0.6229999999999986,63.75075000000001,0.781962
Proportional stratified,122,4.7915,-0.043369999999999465,0.12625,-0.6229999999999986,62.529624999999996,-0.43916300000001485
Proportional stratified,123,4.830625,-0.004244999999999166,0.1225,-0.9979999999999989,63.359375,0.39058699999998936
Proportional stratified,124,4.930499999999999,0.09562999999999988,0.14625,1.3770000000000004,63.48575000000001,0.5169619999999995
Proportional stratified,125,4.8759999999999994,0.04112999999999989,0.13625,0.37700000000000233,62.81174999999999,-0.15703800000002133
Proportional stratified,126,4.781125,-0.053744999999999266,0.13625,0.37700000000000233,62.698125,-0.2706630000000132
Proportional stratified,127,4.79125,-0.04361999999999977,0.13,-0.24799999999999822,62.44125,-0.527538000000014
Proportional stratified,128,4.8191250000000005,-0.01574499999999901,0.12875,-0.37299999999999833,62.95975000000001,-0.009038000000003876
Proportional stratified,129,4.797625,-0.03724499999999953,0.13375,0.1270000000000021,62.801625,-0.16716300000000928
Proportional stratified,130,4.852625,0.017755000000000187,0.12875,-0.37299999999999833,63.179874999999996,0.21108699999998493
Proportional stratified,131,4.749,-0.08586999999999989,0.1375,0.5020000000000024,61.695625,-1.273163000000011
Proportional stratified,132,4.812125,-0.02274499999999957,0.1275,-0.49799999999999844,62.549625,-0.4191630000000117
Proportional stratified,133,4.755,-0.07986999999999966,0.115,-1.7479999999999982,62.53637500000001,-0.43241300000000393
Proportional stratified,134,4.88775,0.05288000000000004,0.12875,-0.37299999999999833,63.01174999999999,0.042961999999981515
Proportional stratified,135,4.7642500000000005,-0.07061999999999902,0.11875,-1.3729999999999993,62.85,-0.11878800000000922
Proportional stratified,136,4.836,0.0011300000000007415,0.13125,-0.12299999999999811,63.414125000000006,0.445336999999995
Proportional stratified,137,4.84275,0.00788000000000011,0.1275,-0.49799999999999844,63.040124999999996,0.07133699999998555
Proportional stratified,138,4.873875000000001,0.03900500000000129,0.12625,-0.6229999999999986,63.44412500000001,0.4753369999999961
Proportional stratified,139,4.7965,-0.03836999999999957,0.11625,-1.622999999999998,62.828250000000004,-0.1405380000000065
Proportional stratified,140,4.9254999999999995,0.09062999999999999,0.1425,1.0020000000000002,62.577749999999995,-0.391038000000016
Proportional stratified,141,4.843125,0.008255000000000123,0.12125,-1.1229999999999989,63.064249999999994,0.0954619999999835
Proportional stratified,142,4.8015,-0.03336999999999968,0.1075,-2.497999999999999,62.856,-0.11278800000000899
Proportional stratified,143,4.840125,0.00525500000000001,0.1425,1.0020000000000002,63.060249999999996,0.09146199999998572
Proportional stratified,144,4.879,0.04413,0.1225,-0.9979999999999989,63.54012500000001,0.5713369999999998
Proportional stratified,145,4.831375,-0.0034949999999991377,0.1125,-1.9979999999999984,62.9855,0.01671199999999118
Proportional stratified,146,4.84325,0.00838000000000072,0.125,-0.7479999999999987,62.547124999999994,-0.42166300000001655
Proportional stratified,147,4.789249999999999,-0.04562000000000044,0.12125,-1.1229999999999989,61.74799999999999,-1.2207880000000202
Proportional stratified,148,4.786,-0.04886999999999997,0.14125,0.877,62.468500000000006,-0.5002880000000047
Proportional stratified,149,4.80175,-0.03311999999999937,0.115,-1.7479999999999982,63.611374999999995,0.6425869999999847
Proportional stratified,150,4.759125,-0.07574499999999951,0.1175,-1.4979999999999993,62.26575,-0.7030380000000136
Proportional stratified,151,4.853875,0.019005000000000827,0.13,-0.24799999999999822,63.42262500000001,0.45383700000000005
Proportional stratified,152,4.804250000000001,-0.03061999999999898,0.15875,2.6270000000000016,63.334624999999996,0.36583699999998487
Proportional stratified,153,4.807624999999999,-0.02724500000000063,0.145,1.2520000000000002,63.3025,0.33371199999999135
Proportional stratified,154,4.77575,-0.05911999999999917,0.10625,-2.622999999999999,62.547625,-0.42116300000001416
Proportional stratified,155,4.8285,-0.006369999999999543,0.125,-0.7479999999999987,62.417,-0.551788000000009
Proportional stratified,156,4.844,0.009130000000000749,0.1375,0.5020000000000024,63.244875,0.27608699999998976
Proportional stratified,157,4.8315,-0.003369999999999429,0.1275,-0.49799999999999844,62.4865,-0.48228800000001115
Proportional stratified,158,4.8345,-0.0003699999999993153,0.1275,-0.49799999999999844,62.640249999999995,-0.328538000000016
Proportional stratified,159,4.9495,0.11463000000000001,0.13625,0.37700000000000233,62.943875,-0.024913000000012175
Proportional stratified,160,4.7905,-0.0443699999999998,0.13625,0.37700000000000233,62.67875,-0.2900380000000098
Proportional stratified,161,4.844874999999999,0.010004999999999598,0.12125,-1.1229999999999989,62.95075,-0.018038000000011323
Proportional stratified,162,4.939375,0.10450500000000051,0.14,0.7520000000000027,62.952125,-0.01666300000000831
Proportional stratified,163,4.825625,-0.009244999999999948,0.11125,-2.1229999999999984,62.687,-0.28178800000001303
Proportional stratified,164,4.7455,-0.08936999999999973,0.1275,-0.49799999999999844,62.2235,-0.7452880000000093
Proportional stratified,165,4.862,0.027130000000000543,0.14625,1.3770000000000004,62.596374999999995,-0.37241300000001587
Proportional stratified,166,4.8825,0.04763000000000073,0.1375,0.5020000000000024,63.46799999999999,0.4992119999999787
Proportional stratified,167,4.85325,0.018380000000000507,0.135,0.2520000000000022,63.29537500000001,0.3265869999999964
Proportional stratified,168,4.71725,-0.11761999999999961,0.13125,-0.12299999999999811,62.730375,-0.23841300000000842
Proportional stratified,169,4.8295,-0.005369999999999209,0.12375,-0.8729999999999988,62.918125,-0.05066300000000723
Proportional stratified,170,4.77975,-0.055119999999999614,0.12875,-0.37299999999999833,62.682750000000006,-0.2860380000000049
Proportional stratified,171,4.88825,0.05338000000000065,0.14375,1.1270000000000002,62.57325,-0.39553800000000905
Proportional stratified,172,4.741375,-0.09349499999999988,0.11375,-1.8729999999999982,62.732124999999996,-0.23666300000001428
Proportional stratified,173,4.809749999999999,-0.025120000000000253,0.13625,0.37700000000000233,63.664624999999994,0.6958369999999832
Proportional stratified,174,4.77325,-0.061619999999999564,0.13375,0.1270000000000021,63.375,0.40621199999998936
Proportional stratified,175,4.8957500000000005,0.06088000000000093,0.13875,0.6270000000000026,63.155,0.1862119999999905
Proportional stratified,176,4.916125,0.08125500000000052,0.165,3.252000000000002,62.819874999999996,-0.1489130000000145
Proportional stratified,177,4.877875,0.04300500000000085,0.12875,-0.37299999999999833,63.23025,0.2614619999999874
Proportional stratified,178,4.872,0.03713000000000033,0.12875,-0.37299999999999833,62.507625,-0.4611630000000133
Proportional stratified,179,4.749625,-0.08524499999999957,0.11375,-1.8729999999999982,62.265874999999994,-0.7029130000000166
Proportional stratified,180,4.903625,0.06875500000000034,0.15,1.7520000000000007,61.97174999999999,-0.9970380000000176
Proportional stratified,181,4.88125,0.04638000000000009,0.13375,0.1270000000000021,62.71799999999999,-0.2507880000000213
Proportional stratified,182,4.79625,-0.03861999999999988,0.13375,0.1270000000000021,62.27125,-0.6975380000000087
Proportional stratified,183,4.866375,0.031505000000000116,0.13375,0.1270000000000021,62.943374999999996,-0.025413000000014563
Proportional stratified,184,4.8466249999999995,0.01175499999999996,0.1425,1.0020000000000002,63.062875000000005,0.0940869999999947
Proportional stratified,185,4.815875,-0.01899499999999943,0.1175,-1.4979999999999993,63.06575000000001,0.09696199999999777
Proportional stratified,186,4.755125,-0.07974499999999995,0.12125,-1.1229999999999989,63.23287500000001,0.2640869999999964
Proportional stratified,187,4.84,0.005130000000000301,0.125,-0.7479999999999987,62.22012500000001,-0.7486630000000005
Proportional stratified,188,4.8,-0.034869999999999735,0.13375,0.1270000000000021,62.68425,-0.28453800000001195
Proportional stratified,189,4.806625,-0.028244999999999187,0.13125,-0.12299999999999811,63.84775,0.8789619999999871
Proportional stratified,190,4.805375000000001,-0.02949499999999894,0.13375,0.1270000000000021,63.33125,0.3624619999999865
Proportional stratified,191,4.8298749999999995,-0.004995000000000083,0.13125,-0.12299999999999811,62.734750000000005,-0.2340380000000053
Proportional stratified,192,4.81,-0.024869999999999948,0.12625,-0.6229999999999986,63.30975,0.34096199999999044
Proportional stratified,193,4.838375,0.0035050000000005355,0.13125,-0.12299999999999811,63.67825,0.7094619999999878
Proportional stratified,194,4.833875000000001,-0.0009949999999987469,0.1375,0.5020000000000024,62.7795,-0.1892880000000119
Proportional stratified,195,4.875,0.04013000000000044,0.13125,-0.12299999999999811,62.2505,-0.7182880000000083
Proportional stratified,196,4.81125,-0.023619999999999308,0.14125,0.877,61.9295,-1.0392880000000133
Proportional stratified,197,4.8265,-0.008369999999999322,0.12875,-0.37299999999999833,63.143875,0.17508699999999067
Proportional stratified,198,4.7448749999999995,-0.08999500000000005,0.135,0.2520000000000022,63.521375000000006,0.5525869999999955
Proportional stratified,199,4.9102500000000004,0.07538000000000089,0.1425,1.0020000000000002,63.094750000000005,0.12596199999999413
Proportional stratified,200,4.799875,-0.03499499999999944,0.13375,0.1270000000000021,63.49512500000001,0.5263369999999981
Proportional stratified,201,4.785125000000001,-0.04974499999999882,0.11625,-1.622999999999998,62.214625,-0.7541630000000126
Proportional stratified,202,4.769375,-0.06549499999999941,0.11375,-1.8729999999999982,63.316625,0.3478369999999913
Proportional stratified,203,4.823249999999999,-0.01162000000000063,0.115,-1.7479999999999982,63.48137500000001,0.5125869999999964
Proportional stratified,204,4.8451249999999995,0.010254999999999903,0.13375,0.1270000000000021,62.42775,-0.5410380000000075
Proportional stratified,205,4.7835,-0.05136999999999947,0.125,-0.7479999999999987,62.787124999999996,-0.18166300000001456
Proportional stratified,206,4.827875000000001,-0.006994999999998974,0.11375,-1.8729999999999982,62.913625,-0.0551630000000074
Proportional stratified,207,4.8985,0.06363000000000074,0.12875,-0.37299999999999833,62.253125,-0.7156630000000135
Proportional stratified,208,4.744625,-0.09024499999999946,0.1325,0.002000000000002,63.21625,0.24746199999999163
Proportional stratified,209,4.8635,0.0286300000000006,0.1275,-0.49799999999999844,62.638875,-0.3299130000000119
Proportional stratified,210,4.744875,-0.08999499999999916,0.125,-0.7479999999999987,63.947750000000006,0.9789619999999957
Proportional stratified,211,4.800624999999999,-0.0342450000000003,0.13375,0.1270000000000021,63.226000000000006,0.25721199999999556
Proportional stratified,212,4.783375,-0.05149499999999918,0.115,-1.7479999999999982,63.406125,0.4373369999999923
Proportional stratified,213,4.886375,0.05150500000000058,0.1525,2.002000000000001,62.424875,-0.5439130000000105
Proportional stratified,214,4.80875,-0.0261199999999997,0.13375,0.1270000000000021,63.76412499999999,0.7953369999999822
Proportional stratified,215,4.858,0.023130000000000095,0.15,1.7520000000000007,63.276625,0.30783699999999214
Proportional stratified,216,4.923125,0.0882550000000002,0.13,-0.24799999999999822,63.02700000000001,0.05821199999999749
Proportional stratified,217,4.825875,-0.008994999999999642,0.1325,0.002000000000002,63.1835,0.21471199999999158
Proportional stratified,218,4.934125,0.09925500000000032,0.17,3.7520000000000024,63.14962499999999,0.1808369999999826
Proportional stratified,219,4.7245,-0.11036999999999964,0.1275,-0.49799999999999844,62.293625,-0.675163000000012
Proportional stratified,220,4.849375,0.014505000000000656,0.14125,0.877,62.39512500000001,-0.5736630000000034
Proportional stratified,221,4.849625,0.014755000000000074,0.1375,0.5020000000000024,63.21099999999999,0.24221199999998078
Proportional stratified,222,4.73375,-0.10111999999999988,0.11625,-1.622999999999998,62.864625,-0.104163000000014
Proportional stratified,223,4.874750000000001,0.039880000000001026,0.1425,1.0020000000000002,62.92,-0.048788000000008935
Proportional stratified,224,4.8155,-0.019369999999999443,0.13125,-0.12299999999999811,63.17674999999999,0.20796199999998066
Proportional stratified,225,4.805750000000001,-0.029119999999998925,0.12125,-1.1229999999999989,62.133374999999994,-0.8354130000000168
Proportional stratified,226,4.917749999999999,0.0828799999999994,0.1375,0.5020000000000024,62.942125,-0.026663000000013426
Proportional stratified,227,4.913374999999999,0.07850499999999982,0.14,0.7520000000000027,62.73512500000001,-0.23366299999999995
Proportional stratified,228,4.79675,-0.038119999999999266,0.11375,-1.8729999999999982,62.929375,-0.039413000000010356
Proportional stratified,229,4.7780000000000005,-0.05686999999999909,0.13625,0.37700000000000233,63.17262500000001,0.20383700000000005
Proportional stratified,230,4.738875,-0.09599499999999939,0.12375,-0.8729999999999988,62.881875,-0.08691300000000979
Proportional stratified,231,4.792999999999999,-0.041870000000000296,0.12875,-0.37299999999999833,63.171375,0.20258699999998697
Proportional stratified,232,4.938,0.10313000000000017,0.15125,1.877000000000001,62.879125,-0.08966300000000871
Proportional stratified,233,4.76225,-0.07261999999999968,0.1275,-0.49799999999999844,62.601000000000006,-0.36778800000000444
Proportional stratified,234,4.8763749999999995,0.0415049999999999,0.1275,-0.49799999999999844,62.44537499999999,-0.5234130000000192
Proportional stratified,235,4.874750000000001,0.039880000000001026,0.1425,1.0020000000000002,62.00037499999999,-0.9684130000000195
Proportional stratified,236,4.820875,-0.013994999999999536,0.1225,-0.9979999999999989,63.148624999999996,0.17983699999998493
Proportional stratified,237,4.91025,0.07538,0.1475,1.5020000000000007,63.911,0.9422119999999907
Proportional stratified,238,4.915875,0.08100500000000022,0.1425,1.0020000000000002,63.58762500000001,0.6188369999999992
Proportional stratified,239,4.9675,0.1326300000000007,0.1475,1.5020000000000007,63.109500000000004,0.1407119999999935
Proportional stratified,240,4.94,0.10513000000000083,0.155,2.252000000000001,62.584875000000004,-0.38391300000000683
Proportional stratified,241,4.8015,-0.03336999999999968,0.13125,-0.12299999999999811,62.793125,-0.17566300000000723
Proportional stratified,242,4.819875,-0.01499499999999987,0.135,0.2520000000000022,62.51375,-0.45503800000000894
Proportional stratified,243,4.7425,-0.09236999999999984,0.12625,-0.6229999999999986,62.61612499999999,-0.35266300000002104
Proportional stratified,244,4.86475,0.02988000000000035,0.13875,0.6270000000000026,63.102875000000004,0.13408699999999385
Proportional stratified,245,4.96275,0.12788000000000022,0.155,2.252000000000001,64.0525,1.0837119999999842
Proportional stratified,246,4.839625000000001,0.004755000000001175,0.13125,-0.12299999999999811,63.122749999999996,0.15396199999998572
Proportional stratified,247,4.872249999999999,0.03737999999999975,0.13375,0.1270000000000021,61.93375,-1.0350380000000072
Proportional stratified,248,4.929375,0.09450500000000073,0.1425,1.0020000000000002,63.273,0.3042119999999926
Proportional stratified,249,4.798500000000001,-0.0363699999999989,0.1425,1.0020000000000002,62.580875,-0.3879130000000117
Proportional stratified,250,4.83225,-0.0026199999999994006,0.1325,0.002000000000002,63.095124999999996,0.12633699999998527
Proportional stratified,251,4.78225,-0.05261999999999922,0.1275,-0.49799999999999844,63.377250000000004,0.408461999999993
Proportional stratified,252,4.7795,-0.05536999999999992,0.14,0.7520000000000027,63.018249999999995,0.04946199999998413
Proportional stratified,253,4.776875,-0.05799499999999913,0.12875,-0.37299999999999833,63.02450000000001,0.05571199999999976
Proportional stratified,254,4.864,0.029130000000000322,0.135,0.2520000000000022,63.312250000000006,0.34346199999999527
Proportional stratified,255,4.80025,-0.03461999999999943,0.12125,-1.1229999999999989,63.30875,0.33996199999999277
Proportional stratified,256,4.855999999999999,0.021129999999999427,0.135,0.2520000000000022,62.84575000000001,-0.12303800000000109
Proportional stratified,257,4.900875,0.06600500000000054,0.1425,1.0020000000000002,63.007625,0.03883699999998669
Proportional stratified,258,4.78825,-0.046619999999999884,0.1275,-0.49799999999999844,63.738125,0.769336999999986
Proportional stratified,259,4.91375,0.07888000000000073,0.11875,-1.3729999999999993,63.31987500000001,0.3510869999999997
Proportional stratified,260,4.79375,-0.04111999999999938,0.13,-0.24799999999999822,63.845749999999995,0.8769619999999847
Proportional stratified,261,4.791999999999999,-0.04287000000000063,0.12875,-0.37299999999999833,63.136625,0.16783699999999158
Proportional stratified,262,4.821625,-0.013244999999999507,0.1325,0.002000000000002,62.5965,-0.3722880000000117
Proportional stratified,263,4.716375,-0.11849499999999935,0.1225,-0.9979999999999989,61.91137500000001,-1.057413000000004
Proportional stratified,264,4.826,-0.008869999999999933,0.12625,-0.6229999999999986,62.332375,-0.6364130000000117
Proportional stratified,265,4.80975,-0.025119999999999365,0.13875,0.6270000000000026,63.40875,0.4399619999999871
Proportional stratified,266,4.81875,-0.016119999999999912,0.13625,0.37700000000000233,63.156375,0.1875869999999864
Proportional stratified,267,4.788875000000001,-0.045994999999998676,0.1225,-0.9979999999999989,63.02,0.051211999999992486
Proportional stratified,268,4.66375,-0.17111999999999927,0.115,-1.7479999999999982,62.34975,-0.6190380000000104
Proportional stratified,269,4.8375,0.0026300000000007984,0.1275,-0.49799999999999844,63.070375000000006,0.10158699999999499
Proportional stratified,270,4.7685,-0.06636999999999915,0.14125,0.877,62.97375,0.004961999999991917
Proportional stratified,271,4.949,0.11413000000000029,0.16,2.7520000000000016,63.731750000000005,0.7629619999999946
Proportional stratified,272,4.7795000000000005,-0.05536999999999903,0.13,-0.24799999999999822,62.63387500000001,-0.33491300000000024
Proportional stratified,273,4.8469999999999995,0.012129999999999974,0.12625,-0.6229999999999986,63.68200000000001,0.7132119999999986
Proportional stratified,274,4.8888750000000005,0.05400500000000097,0.13875,0.6270000000000026,63.30975,0.34096199999999044
Proportional stratified,275,4.879125,0.0442550000000006,0.12375,-0.8729999999999988,63.406625000000005,0.4378369999999947
Proportional stratified,276,4.9334999999999996,0.09863,0.1225,-0.9979999999999989,62.509375,-0.45941300000001206
Proportional stratified,277,4.84825,0.013380000000000614,0.135,0.2520000000000022,62.747625,-0.22116300000001132
Proportional stratified,278,4.7355,-0.09936999999999951,0.13625,0.37700000000000233,62.966625,-0.002163000000010129
Proportional stratified,279,4.741375,-0.09349499999999988,0.1225,-0.9979999999999989,63.076875,0.1080869999999905
Proportional stratified,280,4.804125,-0.030744999999999578,0.14125,0.877,62.4305,-0.5382880000000085
Proportional stratified,281,4.911875,0.07700500000000066,0.14125,0.877,62.686499999999995,-0.2822880000000154
Proportional stratified,282,4.880125,0.045255000000000045,0.13625,0.37700000000000233,63.718374999999995,0.749586999999984
Proportional stratified,283,4.82475,-0.010119999999999685,0.12375,-0.8729999999999988,62.54125,-0.42753800000001263
Proportional stratified,284,4.8675,0.03263000000000016,0.13875,0.6270000000000026,62.397125,-0.571663000000008
Proportional stratified,285,4.833125000000001,-0.0017449999999987753,0.14125,0.877,63.37174999999999,0.40296199999998095
Proportional stratified,286,4.84725,0.01238000000000028,0.1425,1.0020000000000002,62.602124999999994,-0.36666300000001684
Proportional stratified,287,4.774375,-0.06049499999999952,0.12625,-0.6229999999999986,62.92925,-0.0395380000000074
Proportional stratified,288,4.77375,-0.06111999999999984,0.13125,-0.12299999999999811,63.393,0.42421199999999004
Proportional stratified,289,4.870625,0.03575500000000087,0.115,-1.7479999999999982,62.177125000000004,-0.7916630000000069
Proportional stratified,290,4.817374999999999,-0.01749500000000026,0.125,-0.7479999999999987,62.695,-0.27378800000001036
Proportional stratified,291,4.9115,0.07663000000000064,0.145,1.2520000000000002,63.722375,0.7535869999999889
Proportional stratified,292,4.814,-0.0208699999999995,0.12625,-0.6229999999999986,63.65225,0.6834619999999916
Proportional stratified,293,4.93175,0.09688000000000052,0.14625,1.3770000000000004,63.574125,0.6053369999999916
Proportional stratified,294,4.836625000000001,0.0017550000000010613,0.145,1.2520000000000002,63.45875,0.48996199999999135
Proportional stratified,295,4.8645000000000005,0.029630000000000933,0.13375,0.1270000000000021,63.054,0.0852119999999914
Proportional stratified,296,4.794125,-0.040744999999999365,0.12125,-1.1229999999999989,63.33025,0.36146199999998885
Proportional stratified,297,4.76975,-0.0651199999999994,0.1175,-1.4979999999999993,62.1765,-0.7922880000000134
Proportional stratified,298,4.735375,-0.09949499999999922,0.12375,-0.8729999999999988,62.512,-0.4567880000000102
Proportional stratified,299,4.9048750000000005,0.07000500000000098,0.15625,2.3770000000000016,62.96962499999999,0.0008369999999828792
Proportional stratified,300,4.80275,-0.032119999999999926,0.1525,2.002000000000001,62.851499999999994,-0.11728800000001627
Proportional stratified,301,4.828,-0.006869999999999266,0.13625,0.37700000000000233,63.220499999999994,0.2517119999999835
Proportional stratified,302,4.866875,0.03200500000000073,0.12375,-0.8729999999999988,62.991499999999995,0.0227119999999843
Proportional stratified,303,4.870375,0.035505000000000564,0.1325,0.002000000000002,63.543875,0.5750869999999892
Proportional stratified,304,4.821375,-0.013494999999999813,0.12875,-0.37299999999999833,62.2695,-0.6992880000000099
Proportional stratified,305,4.80025,-0.03461999999999943,0.13,-0.24799999999999822,63.37025,0.401461999999988
Proportional stratified,306,4.730499999999999,-0.1043700000000003,0.11875,-1.3729999999999993,63.03125,0.06246199999998936
Proportional stratified,307,4.870125,0.03525500000000026,0.13375,0.1270000000000021,63.197875,0.2290869999999927
Proportional stratified,308,4.799125,-0.03574499999999947,0.14375,1.1270000000000002,62.302875,-0.6659130000000104
Proportional stratified,309,4.817875,-0.01699499999999965,0.11875,-1.3729999999999993,62.483000000000004,-0.48578800000000655
Proportional stratified,310,4.79725,-0.03761999999999954,0.1125,-1.9979999999999984,63.52012500000001,0.5513369999999966
Proportional stratified,311,4.884874999999999,0.05000499999999963,0.14,0.7520000000000027,63.342375000000004,0.37358699999999345
Proportional stratified,312,4.82625,-0.008619999999999628,0.12,-1.247999999999999,63.04012500000001,0.07133699999999976
Proportional stratified,313,4.83375,-0.0011199999999993437,0.13,-0.24799999999999822,63.19125,0.22246199999998595
Proportional stratified,314,4.86925,0.03438000000000052,0.13375,0.1270000000000021,62.9635,-0.005288000000007287
Proportional stratified,315,4.76575,-0.06911999999999985,0.11,-2.2479999999999984,62.39612499999999,-0.5726630000000199
Proportional stratified,316,4.784125,-0.05074499999999915,0.1325,0.002000000000002,62.58175,-0.3870380000000111
Proportional stratified,317,4.947,0.11213000000000051,0.15125,1.877000000000001,63.965875,0.9970869999999863
Proportional stratified,318,4.86375,0.028880000000000017,0.1225,-0.9979999999999989,62.103375,-0.8654130000000109
Proportional stratified,319,4.804375,-0.030494999999999273,0.14,0.7520000000000027,63.40012500000001,0.4313369999999992
Proportional stratified,320,4.827000000000001,-0.007869999999998711,0.14375,1.1270000000000002,62.008125,-0.9606630000000109
Proportional stratified,321,4.828625,-0.006244999999999834,0.1175,-1.4979999999999993,63.2385,0.2697119999999913
Proportional stratified,322,4.780625,-0.05424499999999988,0.1375,0.5020000000000024,63.3825,0.41371199999998964
Proportional stratified,323,4.8953750000000005,0.06050500000000092,0.14,0.7520000000000027,63.292625,0.3238369999999904
Proportional stratified,324,4.861875,0.027005000000000834,0.1275,-0.49799999999999844,62.976375000000004,0.007586999999993793
Proportional stratified,325,4.77125,-0.06361999999999934,0.125,-0.7479999999999987,63.21674999999999,0.2479619999999798
Proportional stratified,326,4.80475,-0.03011999999999926,0.12375,-0.8729999999999988,61.93837499999999,-1.0304130000000171
Proportional stratified,327,4.720625,-0.11424499999999949,0.10875,-2.372999999999999,63.501875,0.5330869999999877
Proportional stratified,328,4.905375,0.0705050000000007,0.16,2.7520000000000016,63.188625,0.21983699999999118
Proportional stratified,329,4.846,0.011130000000000528,0.13125,-0.12299999999999811,62.905125,-0.06366300000001246
Proportional stratified,330,4.84525,0.0103800000000005,0.145,1.2520000000000002,63.33137500000001,0.36258699999999777
Proportional stratified,331,4.9565,0.12163000000000057,0.145,1.2520000000000002,62.98950000000001,0.020711999999996067
Proportional stratified,332,4.898125,0.06325500000000073,0.135,0.2520000000000022,63.024375,0.05558699999998851
Proportional stratified,333,4.76025,-0.07461999999999946,0.115,-1.7479999999999982,63.134750000000004,0.16596199999999328
Proportional stratified,334,4.851624999999999,0.016754999999999853,0.1325,0.002000000000002,62.89212500000001,-0.07666300000000348
Proportional stratified,335,4.871625,0.036755000000000315,0.135,0.2520000000000022,63.313874999999996,0.34508699999998527
Proportional stratified,336,4.881749999999999,0.04687999999999981,0.13375,0.1270000000000021,62.56125,-0.4075380000000095
Proportional stratified,337,4.830124999999999,-0.004745000000000665,0.12125,-1.1229999999999989,62.798625,-0.1701630000000094
Proportional stratified,338,4.755625,-0.07924499999999934,0.125,-0.7479999999999987,62.473,-0.49578800000001166
Proportional stratified,339,4.832999999999999,-0.0018700000000002603,0.135,0.2520000000000022,62.53175,-0.43703800000000825
Proportional stratified,340,4.736625,-0.09824499999999947,0.1175,-1.4979999999999993,62.390375000000006,-0.5784130000000047
Proportional stratified,341,4.838375,0.0035050000000005355,0.14375,1.1270000000000002,63.58775,0.6189619999999891
Proportional stratified,342,4.804749999999999,-0.030120000000000147,0.11875,-1.3729999999999993,62.943875000000006,-0.02491300000000507
Proportional stratified,343,4.77625,-0.05861999999999945,0.1325,0.002000000000002,63.396875,0.4280869999999908
Proportional stratified,344,4.812499999999999,-0.022370000000000445,0.12625,-0.6229999999999986,63.395125,0.42633699999998953
Proportional stratified,345,4.884625000000001,0.049755000000001104,0.14625,1.3770000000000004,63.534875,0.5660869999999889
Proportional stratified,346,4.85975,0.024880000000000457,0.1425,1.0020000000000002,63.675,0.7062119999999865
Proportional stratified,347,4.759625000000001,-0.0752449999999989,0.12,-1.247999999999999,62.891875,-0.07691300000001178
Proportional stratified,348,4.868625000000001,0.03375500000000109,0.155,2.252000000000001,62.45525000000001,-0.513538000000004
Proportional stratified,349,4.930375000000001,0.09550500000000106,0.1475,1.5020000000000007,63.0845,0.11571199999998782
Proportional stratified,350,4.773875,-0.060994999999999244,0.12,-1.247999999999999,63.009499999999996,0.04071199999998498
Proportional stratified,351,4.85,0.015130000000000088,0.12375,-0.8729999999999988,63.253125,0.2843369999999865
Proportional stratified,352,4.807875,-0.026994999999999436,0.1225,-0.9979999999999989,63.540875,0.5720869999999891
Proportional stratified,353,4.867874999999999,0.033004999999999285,0.1275,-0.49799999999999844,63.189375,0.22058699999998765
Proportional stratified,354,4.764375,-0.07049499999999931,0.12875,-0.37299999999999833,63.36875,0.39996199999998794
Proportional stratified,355,4.9135,0.07863000000000042,0.13375,0.1270000000000021,63.30625,0.33746199999998794
Proportional stratified,356,4.713875,-0.12099499999999974,0.11875,-1.3729999999999993,63.08362500000001,0.11483700000000141
Proportional stratified,357,4.76575,-0.06911999999999985,0.1275,-0.49799999999999844,62.58025,-0.38853800000001115
Proportional stratified,358,4.90075,0.06588000000000083,0.15,1.7520000000000007,63.165375000000004,0.19658699999999385
Proportional stratified,359,4.927,0.09213000000000005,0.165,3.252000000000002,63.400124999999996,0.431336999999985
Proportional stratified,360,4.896,0.06113000000000035,0.15,1.7520000000000007,63.31625,0.34746199999998595
Proportional stratified,361,4.922625,0.08775500000000047,0.12625,-0.6229999999999986,63.574,0.6052119999999874
Proportional stratified,362,4.98475,0.14988000000000046,0.13625,0.37700000000000233,63.267375,0.2985869999999906
Proportional stratified,363,4.830375,-0.004494999999999472,0.14375,1.1270000000000002,62.788624999999996,-0.1801630000000145
Proportional stratified,364,4.923125,0.0882550000000002,0.14625,1.3770000000000004,62.839125,-0.12966300000000786
Proportional stratified,365,4.861625,0.02675500000000053,0.1225,-0.9979999999999989,63.294375,0.32558699999999163
Proportional stratified,366,4.76525,-0.06961999999999957,0.13375,0.1270000000000021,63.783375,0.8145869999999888
Proportional stratified,367,4.74625,-0.0886199999999997,0.12125,-1.1229999999999989,62.653375,-0.3154130000000137
Proportional stratified,368,4.779624999999999,-0.05524500000000021,0.14125,0.877,63.16287499999999,0.1940869999999819
Proportional stratified,369,4.8565000000000005,0.021630000000000926,0.13875,0.6270000000000026,62.591,-0.37778800000000956
Proportional stratified,370,4.83625,0.0013800000000001589,0.12125,-1.1229999999999989,63.468624999999996,0.4998369999999852
Proportional stratified,371,4.929874999999999,0.09500499999999956,0.145,1.2520000000000002,63.06125,0.0924619999999905
Proportional stratified,372,4.835875,0.0010050000000001447,0.145,1.2520000000000002,62.853500000000004,-0.11528800000000672
Proportional stratified,373,4.7715,-0.06336999999999993,0.1275,-0.49799999999999844,62.3155,-0.6532880000000105
Proportional stratified,374,4.933125,0.09825500000000087,0.14125,0.877,64.74975,1.7809619999999953
Proportional stratified,375,4.7707500000000005,-0.06411999999999907,0.12,-1.247999999999999,63.639624999999995,0.6708369999999846
Proportional stratified,376,4.8618749999999995,0.027004999999999946,0.145,1.2520000000000002,63.219375,0.2505869999999888
Proportional stratified,377,4.8565,0.021630000000000038,0.14125,0.877,62.628875,-0.3399130000000099
Proportional stratified,378,4.846,0.011130000000000528,0.14375,1.1270000000000002,62.645375,-0.3234130000000093
Proportional stratified,379,4.86525,0.030380000000000074,0.1125,-1.9979999999999984,63.729000000000006,0.7602119999999957
Proportional stratified,380,4.789125,-0.04574499999999926,0.14,0.7520000000000027,62.706875,-0.26191300000001405
Proportional stratified,381,4.852625000000001,0.017755000000001075,0.13875,0.6270000000000026,63.05075,0.0819619999999901
Proportional stratified,382,4.881375,0.046505000000000685,0.145,1.2520000000000002,63.349250000000005,0.3804619999999943
Proportional stratified,383,4.923875000000001,0.08900500000000111,0.14375,1.1270000000000002,63.016875,0.04808699999998822
Proportional stratified,384,4.844375,0.009505000000000763,0.12125,-1.1229999999999989,62.66625,-0.30253800000001263
Proportional stratified,385,4.8725,0.03763000000000005,0.15625,2.3770000000000016,63.0225,0.05371199999999021
Proportional stratified,386,4.889625,0.05475500000000011,0.1175,-1.4979999999999993,63.74737499999999,0.7785869999999804
Proportional stratified,387,4.75225,-0.08261999999999947,0.125,-0.7479999999999987,63.33025000000001,0.36146199999999595
Proportional stratified,388,4.86775,0.032880000000000464,0.13,-0.24799999999999822,63.484750000000005,0.5159619999999947
Proportional stratified,389,4.732,-0.10286999999999935,0.11625,-1.622999999999998,62.87675,-0.09203800000000939
Proportional stratified,390,4.855125,0.020255000000000578,0.13,-0.24799999999999822,62.747749999999996,-0.22103800000001428
Proportional stratified,391,4.657625,-0.1772449999999992,0.11,-2.2479999999999984,62.497625000000006,-0.4711630000000042
Proportional stratified,392,4.837625,0.002755000000000507,0.13,-0.24799999999999822,62.312,-0.656788000000013
Proportional stratified,393,4.84525,0.0103800000000005,0.12,-1.247999999999999,62.44975,-0.519038000000009
Proportional stratified,394,4.876875,0.042005000000000514,0.14,0.7520000000000027,62.10375,-0.8650380000000126
Proportional stratified,395,4.812374999999999,-0.022495000000000154,0.1175,-1.4979999999999993,63.325874999999996,0.3570869999999857
Proportional stratified,396,4.7835,-0.05136999999999947,0.12875,-0.37299999999999833,62.62625,-0.3425380000000118
Proportional stratified,397,4.9083749999999995,0.07350499999999993,0.13875,0.6270000000000026,63.223625,0.25483699999998777
Proportional stratified,398,4.892624999999999,0.057754999999999335,0.13125,-0.12299999999999811,63.33875,0.3699619999999868
Proportional stratified,399,4.746,-0.08886999999999912,0.12125,-1.1229999999999989,63.19237499999999,0.22358699999998066
Proportional stratified,400,4.8454999999999995,0.010629999999999917,0.12875,-0.37299999999999833,63.253125,0.2843369999999865
Quota,1,5.053624999999999,0.2187549999999998,0.15875,2.6270000000000016,68.27425,5.305461999999984
Quota,2,5.023375,0.18850500000000014,0.165,3.252000000000002,67.64262500000001,4.673836999999999
Quota,3,5.0335,0.19863000000000053,0.14375,1.1270000000000002,67.97475,5.00596199999999
Quota,4,4.981625,0.14675500000000063,0.1475,1.5020000000000007,67.390625,4.421836999999989
Quota,5,5.019,0.18413000000000057,0.15875,2.6270000000000016,68.385,5.4162119999999945
Quota,6,5.009125,0.1742550000000005,0.15375,2.127000000000001,67.74662500000001,4.777836999999998
Quota,7,4.979625,0.14475500000000086,0.15125,1.877000000000001,67.8065,4.837711999999989
Quota,8,5.0261249999999995,0.19125499999999995,0.1625,3.002000000000002,68.22775,5.25896199999999
Quota,9,4.979125,0.14425500000000024,0.16,2.7520000000000016,67.52,4.551211999999985
Quota,10,4.9705,0.1356300000000008,0.14625,1.3770000000000004,68.40100000000001,5.432212
Quota,11,4.979625,0.14475500000000086,0.1525,2.002000000000001,68.352875,5.384086999999987
Quota,12,5.110125,0.27525500000000047,0.15875,2.6270000000000016,68.08775,5.118961999999989
Quota,13,4.94425,0.1093800000000007,0.15125,1.877000000000001,67.87899999999999,4.91021199999998
Quota,14,5.06375,0.2288800000000002,0.16625,3.3770000000000024,68.102,5.133211999999993
Quota,15,5.029375,0.19450500000000037,0.1375,0.5020000000000024,68.303375,5.334586999999992
Quota,16,4.968,0.13313000000000041,0.1425,1.0020000000000002,67.686125,4.7173369999999935
Quota,17,5.0735,0.23863000000000056,0.15875,2.6270000000000016,68.45225,5.483461999999996
Quota,18,4.99425,0.15938000000000052,0.1575,2.5020000000000016,68.031125,5.062336999999992
Quota,19,5.072375000000001,0.2375050000000014,0.16625,3.3770000000000024,67.942875,4.97408699999999
Quota,20,5.045,0.21013000000000037,0.17625,4.377000000000001,67.8825,4.9137119999999825
Quota,21,5.063375000000001,0.22850500000000107,0.16125,2.8770000000000016,67.42399999999999,4.455211999999982
Quota,22,4.9403749999999995,0.10550499999999996,0.13625,0.37700000000000233,67.812,4.843211999999987
Quota,23,4.968375,0.13350500000000043,0.14625,1.3770000000000004,67.599625,4.6308369999999925
Quota,24,4.980499999999999,0.1456299999999997,0.16875,3.6270000000000024,68.22212499999999,5.253336999999981
Quota,25,4.926,0.0911300000000006,0.14125,0.877,68.03399999999999,5.065211999999981
Quota,26,5.0985,0.26363000000000003,0.1675,3.5020000000000024,67.941,4.972211999999992
Quota,27,5.126500000000001,0.2916300000000014,0.1575,2.5020000000000016,68.91075000000001,5.941961999999997
Quota,28,5.0040000000000004,0.1691300000000009,0.1675,3.5020000000000024,67.78550000000001,4.8167120000000025
Quota,29,4.958375,0.12350500000000064,0.14125,0.877,67.905,4.9362119999999905
Quota,30,4.891125,0.056255000000000166,0.12375,-0.8729999999999988,67.281,4.312211999999995
Quota,31,5.069375,0.2345050000000004,0.15125,1.877000000000001,67.9635,4.994711999999986
Quota,32,5.002,0.16713000000000022,0.15625,2.3770000000000016,68.059,5.090211999999987
Quota,33,5.089125,0.25425500000000056,0.17875,4.627000000000001,67.65525,4.686461999999985
Quota,34,4.994875,0.16000500000000084,0.1475,1.5020000000000007,67.551625,4.582836999999991
Quota,35,5.018125,0.18325500000000083,0.15125,1.877000000000001,67.27275,4.303961999999991
Quota,36,4.9719999999999995,0.13712999999999997,0.15625,2.3770000000000016,67.679375,4.7105869999999825
Quota,37,5.032,0.19713000000000047,0.14625,1.3770000000000004,67.80675,4.837961999999983
Quota,38,5.0093749999999995,0.1745049999999999,0.145,1.2520000000000002,68.229,5.260211999999989
Quota,39,4.997375,0.16250500000000034,0.15,1.7520000000000007,67.267,4.298211999999985
Quota,40,4.991874999999999,0.15700499999999984,0.1475,1.5020000000000007,68.429375,5.4605869999999825
Quota,41,5.020125,0.1852550000000006,0.14875,1.6270000000000007,67.461375,4.492586999999993
Quota,42,4.989,0.15413000000000032,0.14875,1.6270000000000007,67.837,4.868211999999993
Quota,43,5.00725,0.17238000000000042,0.15,1.7520000000000007,67.92462499999999,4.955836999999981
Quota,44,5.137249999999999,0.3023799999999994,0.1575,2.5020000000000016,68.97212499999999,6.003336999999981
Quota,45,4.981875,0.14700500000000005,0.14875,1.6270000000000007,67.3215,4.35271199999999
Quota,46,4.9245,0.08963000000000054,0.1375,0.5020000000000024,68.454875,5.486086999999991
Quota,47,4.864625,0.029755000000000642,0.12625,-0.6229999999999986,67.712125,4.74333699999999
Quota,48,5.09975,0.26488000000000067,0.145,1.2520000000000002,67.626875,4.658086999999988
Quota,49,5.0203750000000005,0.18550500000000092,0.1625,3.002000000000002,67.959375,4.990586999999984
Quota,50,4.994625,0.15975500000000054,0.15,1.7520000000000007,67.87950000000001,4.910711999999997
Quota,51,5.034624999999999,0.19975499999999968,0.15125,1.877000000000001,68.19675,5.227961999999984
Quota,52,4.95525,0.12038000000000082,0.13375,0.1270000000000021,67.69475,4.7259619999999884
Quota,53,5.0169999999999995,0.1821299999999999,0.15375,2.127000000000001,67.347875,4.379086999999991
Quota,54,5.071125,0.23625500000000077,0.16,2.7520000000000016,68.13225,5.1634619999999884
Quota,55,5.040875,0.20600500000000022,0.15,1.7520000000000007,67.833625,4.864836999999987
Quota,56,5.053999999999999,0.21912999999999982,0.13875,0.6270000000000026,68.865375,5.89658699999999
Quota,57,5.065375,0.23050500000000085,0.17,3.7520000000000024,67.9935,5.024711999999987
Quota,58,4.911625,0.07675500000000035,0.135,0.2520000000000022,67.35525,4.386461999999987
Quota,59,4.979375000000001,0.14450500000000144,0.1375,0.5020000000000024,67.6625,4.693711999999984
Quota,60,4.993625,0.1587550000000002,0.1575,2.5020000000000016,67.40974999999999,4.440961999999978
Quota,61,5.02375,0.18888000000000016,0.15,1.7520000000000007,67.725,4.756211999999984
Quota,62,4.955,0.12013000000000051,0.14875,1.6270000000000007,67.848,4.879211999999988
Quota,63,4.965375,0.13050500000000032,0.1375,0.5020000000000024,67.49625,4.527461999999993
Quota,64,5.0465,0.21163000000000043,0.1775,4.502000000000001,67.61825,4.649461999999993
Quota,65,4.969875,0.13500500000000049,0.1375,0.5020000000000024,68.31725,5.348461999999991
Quota,66,5.0360000000000005,0.20113000000000092,0.1475,1.5020000000000007,67.890625,4.921836999999989
Quota,67,4.976875,0.14200500000000016,0.155,2.252000000000001,67.7235,4.754711999999991
Quota,68,5.064499999999999,0.22962999999999933,0.1625,3.002000000000002,68.246625,5.277836999999984
Quota,69,5.014875,0.18000500000000041,0.15125,1.877000000000001,68.32637500000001,5.357587000000002
Quota,70,5.073,0.23813000000000084,0.15625,2.3770000000000016,68.0325,5.063711999999988
Quota,71,5.0569999999999995,0.22212999999999994,0.165,3.252000000000002,68.603875,5.6350869999999915
Quota,72,5.076999999999999,0.2421299999999995,0.1575,2.5020000000000016,68.539375,5.570586999999996
Quota,73,5.10225,0.2673800000000002,0.1725,4.002,68.553,5.584211999999987
Quota,74,4.952125,0.11725500000000011,0.15375,2.127000000000001,67.8335,4.86471199999999
Quota,75,5.126875,0.2920050000000005,0.15875,2.6270000000000016,68.148375,5.179586999999991
Quota,76,5.113,0.2781300000000009,0.17375,4.127,68.481,5.512211999999984
Quota,77,5.012,0.17713,0.15375,2.127000000000001,67.50475,4.535961999999991
Quota,78,5.0276250000000005,0.1927550000000009,0.1425,1.0020000000000002,67.250375,4.281586999999995
Quota,79,5.041125,0.20625500000000052,0.1625,3.002000000000002,67.723625,4.754836999999988
Quota,80,4.984,0.14913000000000043,0.1625,3.002000000000002,68.60225,5.633461999999987
Quota,81,4.930625,0.09575500000000048,0.12125,-1.1229999999999989,68.223625,5.254836999999988
Quota,82,4.981375000000001,0.14650500000000122,0.16125,2.8770000000000016,67.71924999999999,4.7504619999999775
Quota,83,5.03075,0.19588000000000072,0.1425,1.0020000000000002,68.18587500000001,5.217086999999999
Quota,84,5.040125000000001,0.20525500000000108,0.1425,1.0020000000000002,67.169375,4.200586999999992
Quota,85,5.073,0.23813000000000084,0.1725,4.002,68.168375,5.199586999999987
Quota,86,4.852875,0.018005000000000493,0.13875,0.6270000000000026,67.59137500000001,4.622587000000003
Quota,87,4.950125000000001,0.11525500000000122,0.12625,-0.6229999999999986,68.107625,5.138836999999988
Quota,88,4.990875,0.1560050000000004,0.15,1.7520000000000007,68.16612500000001,5.197336999999997
Quota,89,5.041125,0.20625500000000052,0.14,0.7520000000000027,67.6855,4.716711999999994
Quota,90,4.957375000000001,0.1225050000000012,0.1475,1.5020000000000007,67.655625,4.68683699999999
Quota,91,4.9585,0.12363000000000035,0.13375,0.1270000000000021,67.3295,4.360711999999985
Quota,92,4.973749999999999,0.13887999999999945,0.14375,1.1270000000000002,68.11512499999999,5.146336999999981
Quota,93,4.989,0.15413000000000032,0.13375,0.1270000000000021,68.027125,5.058336999999987
Quota,94,4.941875,0.10700500000000002,0.1375,0.5020000000000024,67.8305,4.86171199999999
Quota,95,4.978375,0.14350500000000022,0.16125,2.8770000000000016,68.15412500000001,5.185336999999997
Quota,96,5.041875,0.20700500000000055,0.16,2.7520000000000016,68.06387500000001,5.0950869999999995
Quota,97,5.039875,0.20500500000000077,0.145,1.2520000000000002,68.964375,5.995586999999993
Quota,98,5.039999999999999,0.2051299999999996,0.15375,2.127000000000001,68.748,5.779211999999994
Quota,99,4.961124999999999,0.12625499999999956,0.13875,0.6270000000000026,67.4935,4.524711999999987
Quota,100,4.946375,0.11150500000000019,0.1425,1.0020000000000002,68.33262500000001,5.363836999999997
Quota,101,5.02375,0.18888000000000016,0.165,3.252000000000002,68.199375,5.230586999999993
Quota,102,4.9985,0.1636300000000004,0.1475,1.5020000000000007,68.20200000000001,5.233212000000002
Quota,103,4.915875,0.08100500000000022,0.14375,1.1270000000000002,67.508125,4.539336999999996
Quota,104,4.938375,0.10350500000000018,0.14,0.7520000000000027,68.33675000000001,5.367961999999999
Quota,105,5.0635,0.22863000000000078,0.17625,4.377000000000001,67.6165,4.647711999999991
Quota,106,5.034625,0.19975500000000057,0.15625,2.3770000000000016,66.94225,3.9734619999999907
Quota,107,5.1202499999999995,0.28537999999999997,0.16625,3.3770000000000024,68.07987499999999,5.111086999999976
Quota,108,4.985375,0.15050500000000078,0.1475,1.5020000000000007,68.165,5.196211999999996
Quota,109,4.95575,0.12088000000000054,0.1375,0.5020000000000024,68.319875,5.3510869999999855
Quota,110,5.068125,0.23325500000000066,0.16375,3.127000000000002,67.9175,4.948711999999993
Quota,111,5.0577499999999995,0.22287999999999997,0.14875,1.6270000000000007,67.77275,4.803961999999991
Quota,112,5.001875,0.16700500000000051,0.15125,1.877000000000001,67.86162499999999,4.892836999999979
Quota,113,5.0378750000000005,0.203005000000001,0.15875,2.6270000000000016,67.639,4.670211999999985
Quota,114,5.008500000000001,0.17363000000000106,0.1475,1.5020000000000007,68.629875,5.661086999999988
Quota,115,5.0755,0.24063000000000034,0.13625,0.37700000000000233,67.826375,4.857586999999988
Quota,116,5.129625,0.2947550000000003,0.16,2.7520000000000016,69.0835,6.11471199999999
Quota,117,5.059125,0.22425500000000032,0.145,1.2520000000000002,68.190625,5.2218369999999865
Quota,118,4.9430000000000005,0.10813000000000095,0.13125,-0.12299999999999811,67.751,4.782211999999994
Quota,119,4.960750000000001,0.12588000000000132,0.135,0.2520000000000022,67.350625,4.381836999999983
Quota,120,4.952624999999999,0.11775499999999983,0.15625,2.3770000000000016,68.16275,5.193961999999992
Quota,121,5.086625000000001,0.25175500000000106,0.16,2.7520000000000016,68.264625,5.295836999999985
Quota,122,5.026250000000001,0.19138000000000144,0.14625,1.3770000000000004,68.86512499999999,5.896336999999981
Quota,123,5.00425,0.1693800000000003,0.14375,1.1270000000000002,68.1075,5.138711999999991
Quota,124,5.033875,0.19900500000000054,0.155,2.252000000000001,67.67475,4.705961999999992
Quota,125,5.014,0.17913000000000068,0.165,3.252000000000002,67.99662500000001,5.027836999999998
Quota,126,4.991,0.1561300000000001,0.15,1.7520000000000007,68.2385,5.269711999999991
Quota,127,4.960125,0.12525500000000012,0.15375,2.127000000000001,67.595125,4.626336999999985
Quota,128,4.90475,0.06988000000000039,0.1375,0.5020000000000024,67.27612500000001,4.307336999999997
Quota,129,5.03725,0.20238000000000067,0.16375,3.127000000000002,67.834,4.8652119999999925
Quota,130,5.041125,0.20625500000000052,0.1525,2.002000000000001,67.2945,4.325711999999989
Quota,131,5.01675,0.18188000000000049,0.1475,1.5020000000000007,67.565375,4.596586999999992
Quota,132,5.0908750000000005,0.2560050000000009,0.15875,2.6270000000000016,68.20225,5.233461999999996
Quota,133,5.031125,0.19625500000000073,0.1475,1.5020000000000007,67.811625,4.842836999999996
Quota,134,4.967124999999999,0.1322549999999998,0.13125,-0.12299999999999811,68.719,5.7502119999999834
Quota,135,5.062,0.22713000000000072,0.1475,1.5020000000000007,68.533125,5.564336999999988
Quota,136,4.9565,0.12163000000000057,0.1475,1.5020000000000007,68.078375,5.1095869999999834
Quota,137,5.0428749999999996,0.208005,0.145,1.2520000000000002,68.301375,5.332586999999982
Quota,138,5.026875,0.19200500000000087,0.14,0.7520000000000027,68.80900000000001,5.840212000000001
Quota,139,5.009875000000001,0.1750050000000014,0.14625,1.3770000000000004,67.795625,4.8268369999999905
Quota,140,5.124874999999999,0.29000499999999985,0.1575,2.5020000000000016,69.04924999999999,6.080461999999976
Quota,141,5.0886249999999995,0.25375499999999995,0.1575,2.5020000000000016,68.963125,5.9943369999999945
Quota,142,5.135750000000001,0.30088000000000115,0.17625,4.377000000000001,68.488875,5.520086999999982
Quota,143,5.082375,0.2475050000000003,0.1625,3.002000000000002,67.4685,4.499711999999995
Quota,144,5.110625,0.2757550000000002,0.16625,3.3770000000000024,68.8755,5.906711999999992
Quota,145,5.057874999999999,0.22300499999999968,0.155,2.252000000000001,67.618125,4.649336999999996
Quota,146,5.0264999999999995,0.19162999999999997,0.15375,2.127000000000001,68.601625,5.632836999999988
Quota,147,5.043125,0.2082550000000003,0.1575,2.5020000000000016,68.46662500000001,5.497836999999997
Quota,148,4.991875,0.15700500000000073,0.1325,0.002000000000002,67.69300000000001,4.724212000000001
Quota,149,4.908375,0.07350500000000082,0.14125,0.877,67.12837499999999,4.159586999999981
Quota,150,5.0075,0.17263000000000073,0.13625,0.37700000000000233,67.987875,5.019086999999992
Quota,151,5.0755,0.24063000000000034,0.16,2.7520000000000016,67.69087499999999,4.722086999999981
Quota,152,4.9201250000000005,0.08525500000000097,0.1425,1.0020000000000002,66.983875,4.015086999999987
Quota,153,5.07575,0.24088000000000065,0.155,2.252000000000001,67.28262500000001,4.3138369999999995
Quota,154,4.9775,0.14263000000000048,0.14,0.7520000000000027,68.08375,5.114961999999984
Quota,155,5.04475,0.20988000000000007,0.1575,2.5020000000000016,67.541125,4.572336999999983
Quota,156,5.0302500000000006,0.195380000000001,0.16,2.7520000000000016,67.847,4.878211999999984
Quota,157,4.9695,0.13463000000000047,0.15875,2.6270000000000016,67.828375,4.8595869999999834
Quota,158,5.053,0.21813000000000038,0.145,1.2520000000000002,67.812875,4.844086999999995
Quota,159,4.98375,0.14888000000000012,0.13125,-0.12299999999999811,68.20712499999999,5.23833699999998
Quota,160,5.049125,0.21425500000000053,0.14375,1.1270000000000002,67.78762499999999,4.818836999999981
Quota,161,4.983625000000001,0.1487550000000013,0.14,0.7520000000000027,68.6195,5.6507119999999915
Quota,162,4.9857499999999995,0.1508799999999999,0.14875,1.6270000000000007,68.33425,5.365461999999987
Quota,163,4.992000000000001,0.15713000000000132,0.13375,0.1270000000000021,67.576625,4.607836999999996
Quota,164,4.95575,0.12088000000000054,0.15125,1.877000000000001,68.189125,5.220336999999994
Quota,165,5.03325,0.19838000000000022,0.15375,2.127000000000001,67.55775,4.588961999999988
Quota,166,5.017,0.1821300000000008,0.16875,3.6270000000000024,67.56537499999999,4.596586999999978
Quota,167,4.891625,0.05675500000000078,0.135,0.2520000000000022,68.00375,5.034961999999986
Quota,168,5.0683750000000005,0.23350500000000096,0.185,5.252000000000001,68.7,5.731211999999992
Quota,169,5.056375,0.2215050000000005,0.155,2.252000000000001,68.254875,5.286086999999988
Quota,170,4.999125,0.1642550000000007,0.155,2.252000000000001,68.25987500000001,5.291086999999997
Quota,171,5.011375,0.17650500000000058,0.1425,1.0020000000000002,67.37174999999999,4.402961999999981
Quota,172,5.046874999999999,0.21200499999999955,0.155,2.252000000000001,67.71375,4.744961999999994
Quota,173,5.036625,0.20175500000000035,0.16,2.7520000000000016,68.301625,5.332836999999991
Quota,174,4.999250000000001,0.1643800000000013,0.1425,1.0020000000000002,67.35600000000001,4.387211999999998
Quota,175,5.106625,0.27175500000000063,0.18375,5.127000000000001,68.44775,5.478961999999989
Quota,176,4.98975,0.15488000000000035,0.1475,1.5020000000000007,68.4165,5.447711999999989
Quota,177,5.05425,0.21938000000000013,0.1675,3.5020000000000024,68.072125,5.103336999999989
Quota,178,5.045,0.21013000000000037,0.1625,3.002000000000002,67.56887499999999,4.600086999999981
Quota,179,5.0036249999999995,0.168755,0.13875,0.6270000000000026,68.18975,5.220961999999993
Quota,180,4.983625,0.14875500000000041,0.13625,0.37700000000000233,67.68849999999999,4.71971199999998
Quota,181,4.945125000000001,0.11025500000000132,0.14625,1.3770000000000004,67.946875,4.978086999999995
Quota,182,5.081124999999999,0.24625499999999967,0.17125,3.8770000000000024,67.88375,4.914961999999996
Quota,183,5.006625,0.1717550000000001,0.15625,2.3770000000000016,68.22525,5.256461999999992
Quota,184,5.03475,0.19988000000000028,0.1475,1.5020000000000007,68.52550000000001,5.556711999999997
Quota,185,5.0581249999999995,0.22325499999999998,0.1675,3.5020000000000024,68.308875,5.34008699999999
Quota,186,4.99225,0.15738000000000074,0.155,2.252000000000001,67.335125,4.366336999999994
Quota,187,4.950625,0.11575500000000005,0.15125,1.877000000000001,67.484875,4.516086999999992
Quota,188,5.049375,0.21450500000000083,0.17125,3.8770000000000024,68.258875,5.290086999999993
Quota,189,5.032875,0.1980050000000002,0.14625,1.3770000000000004,68.9085,5.939711999999993
Quota,190,5.053999999999999,0.21912999999999982,0.17125,3.8770000000000024,67.727375,4.758586999999984
Quota,191,5.066375,0.2315050000000003,0.1525,2.002000000000001,68.024125,5.055336999999987
Quota,192,4.998374999999999,0.1635049999999998,0.16,2.7520000000000016,67.34412499999999,4.3753369999999805
Quota,193,5.092,0.2571300000000001,0.165,3.252000000000002,67.109375,4.140586999999989
Quota,194,4.98775,0.15288000000000057,0.1675,3.5020000000000024,68.09100000000001,5.1222119999999975
Quota,195,4.924,0.08913000000000082,0.1375,0.5020000000000024,66.976,4.0072119999999884
Quota,196,5.062749999999999,0.22787999999999986,0.165,3.252000000000002,68.379125,5.410336999999991
Quota,197,5.0413749999999995,0.20650499999999994,0.14875,1.6270000000000007,67.648375,4.679586999999991
Quota,198,4.922125,0.08725500000000075,0.135,0.2520000000000022,67.09887499999999,4.130086999999982
Quota,199,5.1265,0.2916300000000005,0.16625,3.3770000000000024,68.035625,5.066836999999985
Quota,200,5.040625,0.2057550000000008,0.15875,2.6270000000000016,68.33575,5.366961999999994
Quota,201,4.990625,0.1557550000000001,0.1625,3.002000000000002,68.326125,5.357336999999994
Quota,202,5.05425,0.21938000000000013,0.1475,1.5020000000000007,67.68737499999999,4.718586999999978
Quota,203,4.933249999999999,0.09837999999999969,0.125,-0.7479999999999987,67.227875,4.259086999999987
Quota,204,5.0611250000000005,0.22625500000000098,0.17125,3.8770000000000024,67.68075,4.711961999999993
Quota,205,4.9885,0.1536300000000006,0.1325,0.002000000000002,67.26575000000001,4.296962000000001
Quota,206,4.991875,0.15700500000000073,0.1525,2.002000000000001,67.4,4.431211999999995
Quota,207,4.980625,0.1457550000000003,0.15375,2.127000000000001,67.20975,4.240961999999989
Quota,208,4.947,0.11213000000000051,0.1525,2.002000000000001,68.22862500000001,5.259836999999997
Quota,209,4.953,0.11813000000000073,0.1325,0.002000000000002,67.51275,4.543961999999986
Quota,210,5.0905,0.25563,0.16625,3.3770000000000024,67.88799999999999,4.91921199999998
Quota,211,5.064500000000001,0.2296300000000011,0.15375,2.127000000000001,67.047375,4.078586999999992
Quota,212,5.117125,0.28225500000000014,0.1675,3.5020000000000024,68.144875,5.176086999999988
Quota,213,5.127625,0.29275500000000054,0.16625,3.3770000000000024,68.135125,5.1663369999999915
Quota,214,5.1183749999999995,0.2835049999999999,0.17125,3.8770000000000024,67.594625,4.625836999999983
Quota,215,5.044625,0.20975500000000036,0.16375,3.127000000000002,68.71350000000001,5.744712
Quota,216,5.068250000000001,0.23338000000000125,0.15375,2.127000000000001,67.801875,4.833086999999985
Quota,217,4.983625,0.14875500000000041,0.15125,1.877000000000001,67.450875,4.482086999999986
Quota,218,5.031499999999999,0.19662999999999986,0.15375,2.127000000000001,68.16775,5.198961999999987
Quota,219,4.98,0.14513000000000087,0.14875,1.6270000000000007,67.692,4.723211999999982
Quota,220,5.0413749999999995,0.20650499999999994,0.155,2.252000000000001,67.78325000000001,4.814461999999999
Quota,221,5.070875,0.23600500000000046,0.15375,2.127000000000001,67.943625,4.974836999999987
Quota,222,4.99325,0.1583800000000002,0.15375,2.127000000000001,68.005375,5.03658699999999
Quota,223,5.142125,0.3072550000000005,0.1775,4.502000000000001,68.570375,5.601586999999988
Quota,224,5.026875,0.19200500000000087,0.155,2.252000000000001,67.72725,4.758461999999987
Quota,225,5.0676250000000005,0.23275500000000093,0.17125,3.8770000000000024,68.14387500000001,5.175086999999998
Quota,226,4.941375,0.1065050000000003,0.1325,0.002000000000002,67.684375,4.715586999999992
Quota,227,5.005,0.17013000000000034,0.14,0.7520000000000027,68.451875,5.4830869999999905
Quota,228,5.0440000000000005,0.20913000000000093,0.1575,2.5020000000000016,67.759,4.79021199999999
Quota,229,5.024875000000001,0.1900050000000011,0.16875,3.6270000000000024,67.49525,4.526461999999988
Quota,230,4.99475,0.15988000000000024,0.14375,1.1270000000000002,67.575,4.606211999999992
Quota,231,4.888875,0.05400500000000008,0.13625,0.37700000000000233,67.42587499999999,4.45708699999998
Quota,232,5.08625,0.25138000000000016,0.14375,1.1270000000000002,67.6585,4.689711999999993
Quota,233,4.97,0.1351300000000002,0.14875,1.6270000000000007,68.565625,5.5968369999999865
Quota,234,5.059125,0.22425500000000032,0.1625,3.002000000000002,68.27574999999999,5.306961999999977
Quota,235,4.961125,0.12625500000000045,0.13875,0.6270000000000026,68.413625,5.4448369999999855
Quota,236,4.945875,0.11100500000000046,0.1575,2.5020000000000016,68.231125,5.262336999999995
Quota,237,5.03375,0.19888000000000083,0.14,0.7520000000000027,68.3165,5.347711999999994
Quota,238,5.0889999999999995,0.25412999999999997,0.155,2.252000000000001,68.480625,5.511836999999993
Quota,239,5.00175,0.1668800000000008,0.15125,1.877000000000001,67.899,4.93021199999999
Quota,240,5.048500000000001,0.2136300000000011,0.1675,3.5020000000000024,68.37925,5.410461999999988
Quota,241,5.1035,0.2686300000000008,0.16625,3.3770000000000024,68.447,5.478211999999992
Quota,242,5.033250000000001,0.1983800000000011,0.14625,1.3770000000000004,67.71699999999998,4.748211999999974
Quota,243,5.120500000000001,0.28563000000000116,0.16875,3.6270000000000024,67.81700000000001,4.848211999999997
Quota,244,5.035,0.20013000000000059,0.15875,2.6270000000000016,68.0115,5.042711999999987
Quota,245,4.907875000000001,0.0730050000000011,0.15625,2.3770000000000016,67.80675000000001,4.837961999999997
Quota,246,5.00775,0.17288000000000014,0.16625,3.3770000000000024,67.40174999999999,4.432961999999982
Quota,247,4.999,0.1641300000000001,0.15125,1.877000000000001,68.10987500000002,5.141087000000006
Quota,248,5.072,0.2371300000000005,0.15375,2.127000000000001,67.44375,4.474961999999984
Quota,249,5.0478749999999994,0.2130049999999999,0.16125,2.8770000000000016,67.402625,4.43383699999999
Quota,250,5.10125,0.2663800000000007,0.17,3.7520000000000024,67.9735,5.004711999999991
Quota,251,5.06275,0.22788000000000075,0.1475,1.5020000000000007,67.62075,4.65196199999999
Quota,252,5.107375,0.27250500000000066,0.15,1.7520000000000007,68.2985,5.329711999999994
Quota,253,4.968,0.13313000000000041,0.1475,1.5020000000000007,67.563125,4.594336999999989
Quota,254,4.996625,0.16175500000000032,0.155,2.252000000000001,67.88,4.911211999999985
Quota,255,5.019500000000001,0.18463000000000118,0.15125,1.877000000000001,67.965625,4.996836999999992
Quota,256,4.97375,0.13888000000000034,0.1425,1.0020000000000002,68.623875,5.6550869999999875
Quota,257,4.9590000000000005,0.12413000000000096,0.13875,0.6270000000000026,67.647625,4.678836999999994
Quota,258,4.954875,0.1200050000000008,0.13625,0.37700000000000233,67.976375,5.007586999999994
Quota,259,5.033125,0.19825500000000051,0.16,2.7520000000000016,67.796375,4.827586999999987
Quota,260,4.9885,0.1536300000000006,0.1525,2.002000000000001,68.021375,5.0525869999999955
Quota,261,5.02625,0.19138000000000055,0.1575,2.5020000000000016,67.87225000000001,4.9034619999999975
Quota,262,5.064875,0.23000500000000024,0.15875,2.6270000000000016,67.859,4.890211999999984
Quota,263,5.03725,0.20238000000000067,0.16375,3.127000000000002,68.02187500000001,5.053086999999998
Quota,264,4.9645,0.12963000000000058,0.15125,1.877000000000001,68.546875,5.578086999999989
Quota,265,5.08475,0.2498800000000001,0.16625,3.3770000000000024,67.995,5.026211999999994
Quota,266,4.975,0.1401300000000001,0.14,0.7520000000000027,68.360375,5.391586999999994
Quota,267,4.967874999999999,0.13300499999999982,0.16125,2.8770000000000016,67.84387500000001,4.875087000000001
Quota,268,5.027125,0.1922550000000003,0.145,1.2520000000000002,68.398625,5.429836999999985
Quota,269,5.122625,0.28775500000000065,0.1625,3.002000000000002,68.42824999999999,5.459461999999981
Quota,270,5.0435,0.20863000000000032,0.175,4.252000000000001,67.95725,4.988461999999991
Quota,271,5.040875,0.20600500000000022,0.1575,2.5020000000000016,67.081125,4.1123369999999895
Quota,272,5.091375,0.25650500000000065,0.1625,3.002000000000002,68.39975,5.430961999999987
Quota,273,5.100125,0.2652550000000007,0.175,4.252000000000001,67.890625,4.921836999999989
Quota,274,5.109374999999999,0.27450499999999955,0.16875,3.6270000000000024,68.717125,5.748336999999985
Quota,275,5.027625,0.192755,0.15125,1.877000000000001,68.52087499999999,5.552086999999979
Quota,276,5.0603750000000005,0.22550500000000095,0.1625,3.002000000000002,68.217375,5.2485869999999935
Quota,277,4.9025,0.0676300000000003,0.13375,0.1270000000000021,68.274,5.30521199999999
Quota,278,4.942125000000001,0.10725500000000121,0.1325,0.002000000000002,67.85,4.881211999999984
Quota,279,5.03175,0.19688000000000017,0.16875,3.6270000000000024,67.525,4.556211999999995
Quota,280,5.098624999999999,0.26375499999999974,0.1825,5.002000000000001,68.144125,5.175336999999992
Quota,281,4.9701249999999995,0.1352549999999999,0.1375,0.5020000000000024,68.006125,5.037336999999987
Quota,282,5.0326249999999995,0.1977549999999999,0.1625,3.002000000000002,67.43950000000001,4.470711999999999
Quota,283,5.1325,0.2976300000000007,0.16125,2.8770000000000016,67.80099999999999,4.832211999999977
Quota,284,4.888624999999999,0.053754999999999775,0.1525,2.002000000000001,67.537875,4.569086999999989
Quota,285,5.070875,0.23600500000000046,0.14875,1.6270000000000007,67.337625,4.368836999999992
Quota,286,5.045249999999999,0.2103799999999998,0.145,1.2520000000000002,67.81875,4.849961999999984
Quota,287,5.065125,0.23025500000000054,0.14375,1.1270000000000002,68.56700000000001,5.598211999999997
Quota,288,4.983375,0.1485050000000001,0.16,2.7520000000000016,67.60050000000001,4.631712
Quota,289,4.983375,0.1485050000000001,0.15875,2.6270000000000016,67.09262500000001,4.123837000000002
Quota,290,5.108375,0.2735050000000001,0.175,4.252000000000001,67.429125,4.4603369999999884
Quota,291,4.987125000000001,0.15225500000000114,0.14875,1.6270000000000007,68.02825000000001,5.0594620000000035
Quota,292,5.13,0.29513000000000034,0.165,3.252000000000002,68.162,5.1932119999999955
Quota,293,4.981875,0.14700500000000005,0.1375,0.5020000000000024,68.17025,5.201461999999985
Quota,294,5.0253749999999995,0.19050499999999992,0.15375,2.127000000000001,68.3785,5.409711999999992
Quota,295,4.99675,0.16188000000000002,0.14125,0.877,67.727125,4.75833699999999
Quota,296,4.93,0.09513000000000016,0.1375,0.5020000000000024,68.20262500000001,5.233837000000001
Quota,297,5.030625,0.19575500000000012,0.1425,1.0020000000000002,67.74887500000001,4.780087000000002
Quota,298,5.0451250000000005,0.21025500000000097,0.15125,1.877000000000001,67.294875,4.326086999999994
Quota,299,5.065499999999999,0.23062999999999967,0.15625,2.3770000000000016,67.80825,4.83946199999999
Quota,300,4.97275,0.13788,0.15125,1.877000000000001,67.719,4.7502119999999834
Quota,301,5.100125,0.2652550000000007,0.15375,2.127000000000001,67.720125,4.751336999999985
Quota,302,5.008625,0.17375500000000077,0.15875,2.6270000000000016,68.03212500000001,5.063336999999997
Quota,303,4.9476249999999995,0.11275499999999994,0.14875,1.6270000000000007,68.413375,5.444586999999991
Quota,304,5.04425,0.20938000000000034,0.16375,3.127000000000002,68.61675000000001,5.647962
Quota,305,5.074,0.2391300000000003,0.1625,3.002000000000002,67.640125,4.671336999999987
Quota,306,5.080875000000001,0.24600500000000114,0.155,2.252000000000001,67.321125,4.352336999999984
Quota,307,5.002625,0.16775500000000054,0.15,1.7520000000000007,68.35249999999999,5.383711999999981
Quota,308,5.052375,0.21750500000000006,0.1625,3.002000000000002,67.75399999999999,4.78521199999998
Quota,309,4.947125,0.11225500000000022,0.14875,1.6270000000000007,67.548125,4.579336999999988
Quota,310,5.109125000000001,0.274255000000001,0.16125,2.8770000000000016,67.835125,4.866336999999994
Quota,311,4.969125,0.13425500000000046,0.15,1.7520000000000007,68.108125,5.1393369999999905
Quota,312,5.053375,0.2185050000000004,0.14625,1.3770000000000004,68.123375,5.154586999999985
Quota,313,5.027374999999999,0.1925049999999997,0.16,2.7520000000000016,67.35237500000001,4.383586999999999
Quota,314,4.926874999999999,0.09200499999999945,0.14,0.7520000000000027,67.33375,4.364961999999984
Quota,315,5.06375,0.2288800000000002,0.18125,4.877000000000001,68.07012499999999,5.10133699999998
Quota,316,5.037375,0.20250500000000038,0.1325,0.002000000000002,68.0085,5.039711999999987
Quota,317,5.095,0.2601300000000002,0.16375,3.127000000000002,68.51100000000001,5.542211999999999
Quota,318,5.062625,0.22775500000000015,0.1375,0.5020000000000024,67.54637499999998,4.577586999999973
Quota,319,4.912624999999999,0.0777549999999998,0.14,0.7520000000000027,67.289625,4.32083699999999
Quota,320,4.944875,0.11000500000000013,0.14,0.7520000000000027,68.165125,5.196336999999993
Quota,321,5.006375,0.17150500000000068,0.14125,0.877,68.214375,5.245586999999993
Quota,322,4.981375,0.14650500000000033,0.14625,1.3770000000000004,68.21849999999999,5.249711999999981
Quota,323,5.070250000000001,0.23538000000000103,0.1525,2.002000000000001,67.67275,4.703961999999983
Quota,324,4.9735000000000005,0.13863000000000092,0.13875,0.6270000000000026,68.449375,5.480586999999993
Quota,325,4.977,0.14213000000000076,0.1375,0.5020000000000024,67.655625,4.68683699999999
Quota,326,5.094375,0.25950500000000076,0.16375,3.127000000000002,67.87612499999999,4.907336999999977
Quota,327,5.0565,0.22163000000000022,0.15875,2.6270000000000016,68.030125,5.0613369999999875
Quota,328,4.928125,0.09325500000000009,0.15125,1.877000000000001,68.07587500000001,5.107087
Quota,329,4.98375,0.14888000000000012,0.13125,-0.12299999999999811,67.03349999999999,4.064711999999979
Quota,330,5.029375,0.19450500000000037,0.15625,2.3770000000000016,67.73712499999999,4.768336999999981
Quota,331,5.001375,0.1665050000000008,0.15,1.7520000000000007,67.50524999999999,4.536461999999979
Quota,332,5.1267499999999995,0.2918799999999999,0.14625,1.3770000000000004,68.23837499999999,5.26958699999998
Quota,333,5.148875,0.31400500000000076,0.1825,5.002000000000001,67.937,4.968211999999987
Quota,334,5.017250000000001,0.1823800000000011,0.15,1.7520000000000007,67.798625,4.829836999999991
Quota,335,4.9655000000000005,0.1306300000000009,0.14875,1.6270000000000007,67.84599999999999,4.877211999999979
Quota,336,4.98925,0.15438000000000063,0.13,-0.24799999999999822,67.39475,4.425961999999991
Quota,337,5.06875,0.2338800000000001,0.1525,2.002000000000001,68.262,5.29321199999999
Quota,338,5.049125,0.21425500000000053,0.15875,2.6270000000000016,67.73925,4.770461999999988
Quota,339,5.001625000000001,0.1667550000000011,0.15125,1.877000000000001,67.95925,4.990461999999987
Quota,340,4.95025,0.11538000000000004,0.13875,0.6270000000000026,68.6395,5.6707119999999875
Quota,341,5.0225,0.1876300000000004,0.15875,2.6270000000000016,67.603,4.634211999999984
Quota,342,5.0794999999999995,0.2446299999999999,0.175,4.252000000000001,67.67587499999999,4.70708699999998
Quota,343,5.016,0.18113000000000046,0.15625,2.3770000000000016,67.44725,4.478461999999986
Quota,344,5.093500000000001,0.258630000000001,0.16125,2.8770000000000016,67.9935,5.024711999999987
Quota,345,4.9495,0.11463000000000001,0.15,1.7520000000000007,67.92037499999999,4.951586999999982
Quota,346,4.9556249999999995,0.12075499999999995,0.14,0.7520000000000027,66.428625,3.459836999999986
Quota,347,5.098625,0.26375500000000063,0.14625,1.3770000000000004,68.14399999999999,5.175211999999981
Quota,348,5.048375,0.2135050000000005,0.1525,2.002000000000001,68.48049999999999,5.5117119999999815
Quota,349,5.068125,0.23325500000000066,0.15875,2.6270000000000016,67.936625,4.967836999999996
Quota,350,5.020125,0.1852550000000006,0.14875,1.6270000000000007,68.156,5.187211999999995
Quota,351,4.968,0.13313000000000041,0.14375,1.1270000000000002,67.895625,4.926836999999985
Quota,352,5.03225,0.19738000000000078,0.165,3.252000000000002,67.349375,4.380586999999984
Quota,353,5.013625,0.17875500000000066,0.15375,2.127000000000001,67.2625,4.293711999999992
Quota,354,5.154249999999999,0.3193799999999998,0.17125,3.8770000000000024,67.67525,4.706461999999995
Quota,355,5.152374999999999,0.3175049999999997,0.165,3.252000000000002,67.433125,4.464336999999993
Quota,356,5.04825,0.2133800000000008,0.14375,1.1270000000000002,67.6255,4.656711999999992
Quota,357,5.089375,0.25450500000000087,0.17125,3.8770000000000024,67.969,5.0002119999999834
Quota,358,4.946875,0.1120050000000008,0.14375,1.1270000000000002,67.31424999999999,4.345461999999976
Quota,359,4.994625,0.15975500000000054,0.14125,0.877,67.687125,4.718336999999984
Quota,360,4.97225,0.13738000000000028,0.155,2.252000000000001,68.21175,5.242961999999984
Quota,361,4.998,0.16313000000000066,0.14375,1.1270000000000002,67.163375,4.194586999999991
Quota,362,4.927874999999999,0.09300499999999978,0.1425,1.0020000000000002,66.908125,3.9393369999999877
Quota,363,5.050875,0.216005,0.1575,2.5020000000000016,67.60175,4.632961999999985
Quota,364,4.964,0.12913000000000086,0.1375,0.5020000000000024,68.083,5.114211999999988
Quota,365,5.01075,0.17588000000000026,0.14875,1.6270000000000007,67.62899999999999,4.66021199999998
Quota,366,4.943875,0.10900500000000068,0.1575,2.5020000000000016,67.38799999999999,4.41921199999998
Quota,367,4.972874999999999,0.1380049999999997,0.15,1.7520000000000007,67.75425,4.785461999999988
Quota,368,5.001625000000001,0.1667550000000011,0.15375,2.127000000000001,68.410125,5.441336999999983
Quota,369,4.8633750000000004,0.02850500000000089,0.12875,-0.37299999999999833,67.52375,4.554961999999996
Quota,370,5.012875,0.17800500000000063,0.14375,1.1270000000000002,67.840875,4.872086999999986
Quota,371,4.9985,0.1636300000000004,0.1475,1.5020000000000007,67.815125,4.846336999999984
Quota,372,5.09075,0.25588000000000033,0.15875,2.6270000000000016,67.87349999999999,4.904711999999982
Quota,373,5.0337499999999995,0.19887999999999995,0.14625,1.3770000000000004,68.11775,5.14896199999999
Quota,374,5.01525,0.18038000000000043,0.1525,2.002000000000001,68.070625,5.101836999999996
Quota,375,5.031874999999999,0.19700499999999987,0.14375,1.1270000000000002,68.013875,5.045086999999988
Quota,376,5.055124999999999,0.22025499999999987,0.15375,2.127000000000001,67.64462499999999,4.67583699999998
Quota,377,5.02075,0.18588000000000005,0.1525,2.002000000000001,67.770125,4.801336999999982
Quota,378,4.94325,0.10838000000000036,0.145,1.2520000000000002,67.858625,4.889836999999993
Quota,379,5.009874999999999,0.17500499999999963,0.165,3.252000000000002,68.38799999999999,5.41921199999998
Quota,380,4.991625,0.15675500000000042,0.1575,2.5020000000000016,68.04225,5.073461999999985
Quota,381,5.001124999999999,0.1662549999999996,0.15125,1.877000000000001,68.170625,5.2018369999999905
Quota,382,5.013624999999999,0.17875499999999978,0.15625,2.3770000000000016,67.767,4.798211999999985
Quota,383,5.097625,0.2627550000000003,0.1725,4.002,68.34549999999999,5.376711999999976
Quota,384,5.0486249999999995,0.21375499999999992,0.1425,1.0020000000000002,67.36212499999999,4.393336999999981
Quota,385,5.0065,0.1716300000000004,0.15375,2.127000000000001,68.17975,5.210961999999988
Quota,386,4.977875,0.1430050000000005,0.1225,-0.9979999999999989,68.39399999999999,5.425211999999981
Quota,387,5.054125,0.21925500000000042,0.15125,1.877000000000001,67.580875,4.612086999999995
Quota,388,4.92375,0.08888000000000051,0.15125,1.877000000000001,67.83224999999999,4.863461999999977
Quota,389,4.982875,0.1480050000000004,0.17375,4.127,67.89325,4.924461999999984
Quota,390,5.072625,0.23775500000000083,0.16375,3.127000000000002,68.25274999999999,5.283961999999981
Quota,391,5.047375,0.21250500000000017,0.14625,1.3770000000000004,67.843125,4.87433699999999
Quota,392,5.043875,0.20900500000000033,0.1575,2.5020000000000016,68.08375,5.114961999999984
Quota,393,5.035125000000001,0.20025500000000118,0.15,1.7520000000000007,67.839875,4.871086999999996
Quota,394,5.02625,0.19138000000000055,0.12125,-1.1229999999999989,67.548375,4.579586999999982
Quota,395,4.9655,0.13063000000000002,0.14625,1.3770000000000004,68.075125,5.106336999999989
Quota,396,5.0405,0.2056300000000002,0.1425,1.0020000000000002,67.65950000000001,4.690711999999998
Quota,397,4.962375,0.1275050000000002,0.1675,3.5020000000000024,67.571625,4.602836999999987
Quota,398,5.07125,0.23638000000000048,0.15625,2.3770000000000016,67.128125,4.1593369999999865
Quota,399,5.03575,0.2008800000000006,0.1425,1.0020000000000002,68.17625,5.207461999999985
Quota,400,5.100125,0.2652550000000007,0.165,3.252000000000002,67.816625,4.847836999999991
Convenience,1,5.5565,0.7216300000000002,0.22375,9.127000000000002,76.32975,13.360961999999994
Convenience,2,5.52025,0.6853800000000003,0.215,8.252,77.463875,14.495086999999991
Convenience,3,5.649875,0.8150050000000002,0.235,10.252,77.48187499999999,14.513086999999977
Convenience,4,5.498875000000001,0.6640050000000013,0.20625,7.377000000000001,76.531875,13.563086999999989
Convenience,5,5.4548749999999995,0.6200049999999999,0.20375,7.127,76.719625,13.750836999999983
Convenience,6,5.5028749999999995,0.668005,0.21125,7.877000000000001,75.80125,12.832461999999985
Convenience,7,5.496875,0.6620050000000006,0.2175,8.502,76.200125,13.23133699999999
Convenience,8,5.50875,0.6738800000000005,0.20875,7.627000000000001,76.201125,13.232336999999994
Convenience,9,5.522875,0.6880050000000004,0.22625,9.377000000000002,76.313625,13.344836999999991
Convenience,10,5.598375000000001,0.7635050000000012,0.2125,8.002,77.24962500000001,14.280836999999998
Convenience,11,5.4435,0.6086300000000007,0.1875,5.502000000000002,76.99787500000001,14.029086999999997
Convenience,12,5.522249999999999,0.6873799999999992,0.23125,9.877000000000002,76.61125,13.642461999999988
Convenience,13,5.478,0.6431300000000002,0.2175,8.502,76.3675,13.398711999999996
Convenience,14,5.539375,0.7045050000000002,0.21625,8.377,76.571625,13.602836999999987
Convenience,15,5.479124999999999,0.6442549999999994,0.2175,8.502,76.64274999999999,13.673961999999982
Convenience,16,5.353375000000001,0.5185050000000011,0.2025,7.0020000000000024,75.135875,12.167086999999988
Convenience,17,5.5588750000000005,0.7240050000000009,0.21875,8.627,76.862625,13.893836999999984
Convenience,18,5.4872499999999995,0.65238,0.21875,8.627,76.188125,13.219336999999989
Convenience,19,5.575,0.7401300000000006,0.21375,8.127,76.50275,13.533961999999995
Convenience,20,5.4861249999999995,0.6512549999999999,0.2075,7.502000000000001,76.07125,13.102461999999996
Convenience,21,5.5615,0.7266300000000001,0.22,8.752,77.055875,14.08708699999999
Convenience,22,5.669375,0.834505,0.2425,11.002,76.978375,14.00958699999999
Convenience,23,5.462000000000001,0.6271300000000011,0.22875,9.627000000000002,76.15,13.181211999999995
Convenience,24,5.510750000000001,0.6758800000000011,0.1975,6.5020000000000024,76.14212500000001,13.173336999999997
Convenience,25,5.611875,0.7770050000000008,0.215,8.252,76.81425,13.84546199999999
Convenience,26,5.483375,0.6485050000000001,0.20375,7.127,77.11399999999999,14.14521199999998
Convenience,27,5.49,0.6551300000000007,0.215,8.252,76.906625,13.937836999999995
Convenience,28,5.54825,0.7133800000000008,0.2125,8.002,75.89412499999999,12.925336999999978
Convenience,29,5.5815,0.7466300000000006,0.21625,8.377,75.94049999999999,12.971711999999975
Convenience,30,5.47125,0.6363800000000008,0.19125,5.877000000000002,75.404375,12.435586999999991
Convenience,31,5.527125,0.6922550000000003,0.215,8.252,76.369125,13.400336999999986
Convenience,32,5.433625000000001,0.5987550000000015,0.2125,8.002,76.1,13.131211999999984
Convenience,33,5.524125000000001,0.6892550000000011,0.2275,9.502000000000002,76.27850000000001,13.309711999999998
Convenience,34,5.4785,0.6436300000000008,0.20875,7.627000000000001,76.308125,13.339336999999993
Convenience,35,5.54775,0.7128800000000002,0.21625,8.377,76.5225,13.553711999999983
Convenience,36,5.484875,0.6500050000000002,0.21125,7.877000000000001,76.549375,13.580586999999987
Convenience,37,5.451124999999999,0.6162549999999998,0.195,6.2520000000000024,75.98700000000001,13.018211999999998
Convenience,38,5.539125,0.7042550000000007,0.20625,7.377000000000001,76.341875,13.373086999999991
Convenience,39,5.606624999999999,0.7717549999999997,0.22875,9.627000000000002,76.407875,13.439086999999994
Convenience,40,5.5097499999999995,0.6748799999999999,0.205,7.252,76.22725,13.258461999999987
Convenience,41,5.429500000000001,0.5946300000000013,0.1925,6.002000000000002,76.56774999999999,13.598961999999979
Convenience,42,5.541875,0.7070050000000005,0.2275,9.502000000000002,76.7545,13.785711999999982
Convenience,43,5.616124999999999,0.7812549999999998,0.24375,11.127,78.047875,15.079086999999994
Convenience,44,5.4777499999999995,0.6428799999999999,0.2025,7.0020000000000024,76.90837499999999,13.939586999999982
Convenience,45,5.5634999999999994,0.7286299999999999,0.2225,9.002000000000002,77.319875,14.351086999999985
Convenience,46,5.537375000000001,0.7025050000000013,0.21875,8.627,76.5485,13.579711999999994
Convenience,47,5.515374999999999,0.6805049999999992,0.215,8.252,76.509875,13.541086999999983
Convenience,48,5.482374999999999,0.6475049999999998,0.20375,7.127,75.809875,12.841086999999995
Convenience,49,5.4875,0.6526300000000003,0.21,7.752000000000001,76.4985,13.529711999999996
Convenience,50,5.50325,0.6683800000000009,0.20625,7.377000000000001,76.569125,13.600336999999989
Convenience,51,5.46,0.6251300000000004,0.21625,8.377,76.501875,13.533086999999988
Convenience,52,5.562749999999999,0.7278799999999999,0.21375,8.127,75.76637499999998,12.797586999999972
Convenience,53,5.581875,0.7470050000000006,0.2325,10.002000000000002,75.787125,12.818336999999993
Convenience,54,5.600499999999999,0.7656299999999998,0.22125,8.877000000000002,76.438375,13.469586999999983
Convenience,55,5.46825,0.6333800000000007,0.2075,7.502000000000001,75.68725,12.718461999999995
Convenience,56,5.530625,0.6957550000000001,0.205,7.252,76.0385,13.069711999999988
Convenience,57,5.488875,0.6540050000000006,0.2125,8.002,74.96350000000001,11.994712
Convenience,58,5.427875,0.5930050000000007,0.2,6.7520000000000024,75.5485,12.579711999999994
Convenience,59,5.658125,0.8232550000000005,0.21875,8.627,76.353375,13.38458699999999
Convenience,60,5.568250000000001,0.7333800000000013,0.21125,7.877000000000001,76.59125,13.622461999999992
Convenience,61,5.491375000000001,0.656505000000001,0.2,6.7520000000000024,76.0995,13.130711999999995
Convenience,62,5.42625,0.59138,0.19125,5.877000000000002,75.6295,12.660711999999982
Convenience,63,5.58875,0.7538800000000005,0.2225,9.002000000000002,75.772125,12.803336999999992
Convenience,64,5.401375000000001,0.5665050000000011,0.19875,6.6270000000000024,76.16375,13.194961999999983
Convenience,65,5.653250000000001,0.8183800000000012,0.23,9.752000000000002,76.653125,13.684336999999992
Convenience,66,5.501,0.6661300000000008,0.2025,7.0020000000000024,76.792625,13.82383699999999
Convenience,67,5.519375,0.6845050000000006,0.21125,7.877000000000001,76.323875,13.35508699999999
Convenience,68,5.5726249999999995,0.7377549999999999,0.21,7.752000000000001,76.99475,14.025961999999986
Convenience,69,5.552375,0.7175050000000001,0.21625,8.377,76.879375,13.910586999999985
Convenience,70,5.587375,0.7525050000000002,0.225,9.252000000000002,76.115875,13.147086999999992
Convenience,71,5.464625,0.6297550000000003,0.205,7.252,76.28225,13.313461999999994
Convenience,72,5.4635,0.6286300000000002,0.22,8.752,76.99875,14.02996199999999
Convenience,73,5.5225,0.6876300000000004,0.215,8.252,76.708,13.739211999999988
Convenience,74,5.572874999999999,0.7380049999999994,0.225,9.252000000000002,75.79162500000001,12.822837
Convenience,75,5.544749999999999,0.7098799999999992,0.21625,8.377,76.862875,13.894086999999992
Convenience,76,5.55,0.7151300000000003,0.20625,7.377000000000001,77.109125,14.140336999999995
Convenience,77,5.519500000000001,0.6846300000000012,0.2,6.7520000000000024,75.710125,12.741336999999994
Convenience,78,5.428375,0.5935050000000004,0.2025,7.0020000000000024,77.04875,14.079961999999988
Convenience,79,5.514500000000001,0.6796300000000013,0.22,8.752,77.144125,14.175336999999992
Convenience,80,5.543375000000001,0.7085050000000015,0.20875,7.627000000000001,76.86375,13.894961999999985
Convenience,81,5.417625,0.5827550000000006,0.21625,8.377,76.672875,13.704086999999994
Convenience,82,5.55225,0.7173800000000004,0.22,8.752,76.4655,13.496711999999995
Convenience,83,5.5365,0.7016300000000006,0.22625,9.377000000000002,77.02850000000001,14.059711999999998
Convenience,84,5.4548749999999995,0.6200049999999999,0.19875,6.6270000000000024,76.621125,13.652336999999996
Convenience,85,5.51,0.6751300000000002,0.21625,8.377,75.63875,12.669961999999991
Convenience,86,5.601625,0.7667550000000007,0.22875,9.627000000000002,76.255,13.286211999999985
Convenience,87,5.526,0.6911300000000002,0.22125,8.877000000000002,76.298,13.329211999999991
Convenience,88,5.42625,0.59138,0.21,7.752000000000001,75.42725,12.45846199999999
Convenience,89,5.64325,0.8083800000000005,0.22,8.752,77.21662500000001,14.247836999999997
Convenience,90,5.509125,0.6742550000000005,0.21875,8.627,76.11449999999999,13.145711999999982
Convenience,91,5.610499999999999,0.7756299999999996,0.22,8.752,76.36425,13.395461999999988
Convenience,92,5.5395,0.7046300000000008,0.23,9.752000000000002,76.78675,13.817961999999987
Convenience,93,5.599875,0.7650050000000004,0.22625,9.377000000000002,76.10662500000001,13.137836999999998
Convenience,94,5.472,0.6371300000000009,0.2075,7.502000000000001,76.79675,13.827961999999992
Convenience,95,5.53275,0.6978800000000005,0.19875,6.6270000000000024,76.663,13.694211999999986
Convenience,96,5.521125,0.6862550000000001,0.21875,8.627,77.51237499999999,14.543586999999981
Convenience,97,5.583875000000001,0.7490050000000013,0.23625,10.377,76.93575,13.966961999999988
Convenience,98,5.614875,0.7800050000000001,0.22875,9.627000000000002,76.284125,13.315336999999992
Convenience,99,5.539874999999999,0.7050049999999999,0.215,8.252,76.007875,13.039086999999988
Convenience,100,5.553999999999999,0.7191299999999998,0.225,9.252000000000002,76.785625,13.816836999999985
Convenience,101,5.6365,0.8016300000000003,0.23375,10.127000000000002,77.193,14.224211999999987
Convenience,102,5.476749999999999,0.6418799999999996,0.21125,7.877000000000001,76.759625,13.79083699999999
Convenience,103,5.544,0.70913,0.21875,8.627,76.441875,13.473086999999985
Convenience,104,5.525875,0.6910050000000005,0.21375,8.127,75.90737499999999,12.938586999999977
Convenience,105,5.5185,0.6836300000000008,0.21,7.752000000000001,77.012375,14.043586999999995
Convenience,106,5.570749999999999,0.7358799999999999,0.21875,8.627,76.21075,13.241961999999994
Convenience,107,5.481625,0.6467550000000006,0.19,5.752000000000002,76.0335,13.064711999999993
Convenience,108,5.437374999999999,0.6025049999999998,0.1725,4.002,76.2485,13.279711999999996
Convenience,109,5.507375,0.6725050000000001,0.215,8.252,76.44087499999999,13.47208699999998
Convenience,110,5.54875,0.7138800000000005,0.21875,8.627,76.82987499999999,13.861086999999976
Convenience,111,5.523624999999999,0.6887549999999996,0.215,8.252,74.89362499999999,11.924836999999975
Convenience,112,5.518875,0.6840050000000009,0.19875,6.6270000000000024,76.953375,13.984586999999983
Convenience,113,5.563624999999999,0.7287549999999996,0.22375,9.127000000000002,76.302625,13.333836999999995
Convenience,114,5.4625,0.6276300000000008,0.21125,7.877000000000001,75.25112499999999,12.282336999999977
Convenience,115,5.636375,0.8015050000000006,0.22625,9.377000000000002,77.36975,14.400961999999986
Convenience,116,5.573250000000001,0.7383800000000011,0.23,9.752000000000002,76.60487499999999,13.636086999999982
Convenience,117,5.576624999999999,0.7417549999999995,0.22375,9.127000000000002,76.11375,13.144961999999985
Convenience,118,5.6697500000000005,0.834880000000001,0.235,10.252,77.53424999999999,14.565461999999975
Convenience,119,5.555249999999998,0.7203799999999987,0.22875,9.627000000000002,76.255,13.286211999999985
Convenience,120,5.563875,0.7290050000000008,0.2325,10.002000000000002,77.569,14.600211999999992
Convenience,121,5.574125,0.7392550000000009,0.22875,9.627000000000002,76.39325,13.424461999999984
Convenience,122,5.489000000000001,0.6541300000000012,0.2175,8.502,76.178875,13.210086999999994
Convenience,123,5.674625,0.8397550000000003,0.245,11.252,76.47337499999999,13.50458699999998
Convenience,124,5.529875,0.6950050000000001,0.2175,8.502,76.08675000000001,13.117961999999999
Convenience,125,5.414874999999999,0.5800049999999999,0.21,7.752000000000001,75.944625,12.975836999999991
Convenience,126,5.47225,0.6373800000000003,0.2075,7.502000000000001,76.7505,13.781711999999992
Convenience,127,5.55325,0.7183800000000007,0.2025,7.0020000000000024,77.54325,14.57446199999999
Convenience,128,5.405,0.5701300000000007,0.1975,6.5020000000000024,76.021625,13.05283699999999
Convenience,129,5.570125000000001,0.7352550000000013,0.21875,8.627,76.84175,13.872961999999994
Convenience,130,5.584749999999999,0.7498799999999992,0.24,10.752,76.743,13.774211999999984
Convenience,131,5.553125,0.7182550000000001,0.22625,9.377000000000002,76.492625,13.523836999999993
Convenience,132,5.5047500000000005,0.6698800000000009,0.2175,8.502,76.536,13.56721199999999
Convenience,133,5.5451250000000005,0.710255000000001,0.21625,8.377,75.389375,12.42058699999999
Convenience,134,5.5285,0.6936300000000006,0.21875,8.627,76.883375,13.91458699999999
Convenience,135,5.582125000000001,0.7472550000000018,0.21625,8.377,76.47875,13.509961999999994
Convenience,136,5.508875000000001,0.6740050000000011,0.2175,8.502,76.79337500000001,13.824587000000001
Convenience,137,5.554625,0.7197550000000001,0.2275,9.502000000000002,76.4705,13.50171199999999
Convenience,138,5.55,0.7151300000000003,0.23625,10.377,76.251875,13.283086999999988
Convenience,139,5.530875000000001,0.6960050000000013,0.22,8.752,75.734,12.765211999999984
Convenience,140,5.5558749999999995,0.7210049999999999,0.21375,8.127,77.43125,14.462461999999995
Convenience,141,5.627875,0.7930050000000008,0.21875,8.627,76.79887500000001,13.830086999999999
Convenience,142,5.6075,0.7726300000000004,0.24125,10.877,76.468125,13.49933699999999
Convenience,143,5.509125,0.6742550000000005,0.21125,7.877000000000001,76.669375,13.700586999999992
Convenience,144,5.539874999999999,0.7050049999999999,0.21625,8.377,76.26325,13.294461999999989
Convenience,145,5.452874999999999,0.6180049999999992,0.19625,6.3770000000000024,75.867125,12.89833699999999
Convenience,146,5.497125,0.662255,0.215,8.252,75.866625,12.897836999999988
Convenience,147,5.637624999999999,0.8027549999999994,0.22125,8.877000000000002,76.99775,14.028961999999986
Convenience,148,5.556375,0.7215050000000005,0.225,9.252000000000002,76.827625,13.858836999999987
Convenience,149,5.549499999999999,0.7146299999999997,0.2275,9.502000000000002,76.639875,13.671086999999993
Convenience,150,5.6347499999999995,0.7998799999999999,0.2575,12.502000000000002,76.64725,13.678461999999989
Convenience,151,5.420625,0.5857550000000007,0.20625,7.377000000000001,75.951375,12.982586999999988
Convenience,152,5.485875,0.6510050000000005,0.21375,8.127,75.397875,12.429086999999988
Convenience,153,5.457749999999999,0.6228799999999994,0.19625,6.3770000000000024,76.164625,13.19583699999999
Convenience,154,5.427875,0.5930050000000007,0.1725,4.002,76.520125,13.551336999999982
Convenience,155,5.434000000000001,0.5991300000000015,0.1875,5.502000000000002,76.192875,13.22408699999999
Convenience,156,5.5775,0.7426300000000001,0.2225,9.002000000000002,76.658125,13.689336999999988
Convenience,157,5.590625,0.7557550000000006,0.23125,9.877000000000002,77.223125,14.254336999999985
Convenience,158,5.516375,0.6815050000000005,0.195,6.2520000000000024,76.73899999999999,13.77021199999998
Convenience,159,5.48,0.6451300000000009,0.19875,6.6270000000000024,76.220125,13.251336999999985
Convenience,160,5.588375,0.7535050000000005,0.21875,8.627,76.463375,13.494586999999989
Convenience,161,5.4385,0.6036300000000008,0.19,5.752000000000002,76.092875,13.124086999999996
Convenience,162,5.619125,0.7842550000000008,0.2275,9.502000000000002,76.54125,13.572461999999994
Convenience,163,5.587125000000001,0.7522550000000017,0.24625,11.377,76.629875,13.661086999999988
Convenience,164,5.533125,0.6982550000000005,0.2025,7.0020000000000024,77.14425,14.175461999999989
Convenience,165,5.550625,0.7157550000000006,0.205,7.252,76.423375,13.454586999999982
Convenience,166,5.469375,0.6345050000000008,0.19375,6.127000000000002,76.28075,13.311961999999987
Convenience,167,5.485,0.6501300000000008,0.20875,7.627000000000001,77.084375,14.115586999999984
Convenience,168,5.62575,0.7908800000000005,0.2375,10.502,77.82874999999999,14.859961999999975
Convenience,169,5.587625,0.7527550000000005,0.2375,10.502,77.1975,14.228711999999994
Convenience,170,5.5760000000000005,0.741130000000001,0.22,8.752,77.338375,14.369586999999989
Convenience,171,5.570499999999999,0.7356299999999996,0.22875,9.627000000000002,77.008625,14.039836999999984
Convenience,172,5.57125,0.7363800000000005,0.23125,9.877000000000002,76.536625,13.56783699999999
Convenience,173,5.559,0.7241300000000006,0.22625,9.377000000000002,77.35725000000001,14.388461999999997
Convenience,174,5.572125000000001,0.7372550000000011,0.21,7.752000000000001,76.93512500000001,13.966337000000003
Convenience,175,5.498375000000001,0.6635050000000016,0.21,7.752000000000001,77.06487499999999,14.096086999999976
Convenience,176,5.39625,0.5613800000000007,0.1775,4.502000000000001,75.084875,12.116086999999986
Convenience,177,5.509125,0.6742550000000005,0.205,7.252,77.12475,14.155961999999995
Convenience,178,5.556375,0.7215050000000005,0.21875,8.627,76.487625,13.518836999999984
Convenience,179,5.49925,0.6643800000000004,0.21375,8.127,76.8745,13.905711999999987
Convenience,180,5.465375,0.6305050000000003,0.2175,8.502,76.363,13.394211999999989
Convenience,181,5.608625,0.7737550000000004,0.23,9.752000000000002,76.59875,13.629961999999985
Convenience,182,5.514625,0.6797550000000001,0.20875,7.627000000000001,76.70049999999999,13.73171199999998
Convenience,183,5.6405,0.8056300000000007,0.245,11.252,75.874625,12.905836999999984
Convenience,184,5.53375,0.6988800000000008,0.2175,8.502,77.181,14.212211999999987
Convenience,185,5.521999999999999,0.6871299999999998,0.20125,6.8770000000000024,76.56200000000001,13.593212000000001
Convenience,186,5.514000000000001,0.6791300000000016,0.23,9.752000000000002,76.54125,13.572461999999994
Convenience,187,5.584874999999999,0.7500049999999998,0.23,9.752000000000002,77.135875,14.167086999999988
Convenience,188,5.651624999999999,0.8167549999999997,0.24875,11.627,75.661375,12.692586999999996
Convenience,189,5.609624999999999,0.7747549999999999,0.23,9.752000000000002,76.63175,13.662961999999986
Convenience,190,5.565249999999999,0.7303799999999994,0.20875,7.627000000000001,77.054375,14.085586999999983
Convenience,191,5.586749999999999,0.7518799999999999,0.2025,7.0020000000000024,76.89025,13.921461999999984
Convenience,192,5.553875,0.7190050000000001,0.2425,11.002,76.683375,13.714586999999987
Convenience,193,5.504874999999999,0.6700049999999997,0.22125,8.877000000000002,75.59175,12.622961999999994
Convenience,194,5.492374999999999,0.6575049999999996,0.21125,7.877000000000001,76.20375,13.234961999999989
Convenience,195,5.57175,0.7368800000000002,0.21875,8.627,75.66850000000001,12.699711999999998
Convenience,196,5.458375000000001,0.6235050000000015,0.19625,6.3770000000000024,76.47675,13.507961999999985
Convenience,197,5.567375000000001,0.7325050000000015,0.215,8.252,76.22912500000001,13.260337
Convenience,198,5.476125,0.6412550000000001,0.21,7.752000000000001,76.7725,13.803711999999983
Convenience,199,5.424625000000001,0.5897550000000011,0.195,6.2520000000000024,75.63137499999999,12.66258699999998
Convenience,200,5.418125,0.5832550000000003,0.20375,7.127,75.883125,12.914336999999996
Convenience,201,5.581625,0.7467550000000003,0.2175,8.502,76.455625,13.486836999999987
Convenience,202,5.463499999999999,0.6286299999999994,0.1925,6.002000000000002,76.172375,13.203586999999992
Convenience,203,5.516749999999999,0.6818799999999996,0.235,10.252,77.53975,14.570961999999987
Convenience,204,5.523624999999999,0.6887549999999996,0.2175,8.502,75.704125,12.735336999999994
Convenience,205,5.44475,0.6098800000000004,0.19,5.752000000000002,77.15125,14.182461999999994
Convenience,206,5.431875,0.5970050000000002,0.2025,7.0020000000000024,76.663625,13.694836999999985
Convenience,207,5.472874999999999,0.6380049999999997,0.205,7.252,77.248875,14.280086999999988
Convenience,208,5.475499999999999,0.6406299999999998,0.22625,9.377000000000002,76.250375,13.281586999999995
Convenience,209,5.513374999999999,0.6785049999999995,0.20625,7.377000000000001,76.276875,13.308086999999993
Convenience,210,5.496624999999999,0.6617549999999994,0.20125,6.8770000000000024,76.22274999999999,13.25396199999998
Convenience,211,5.571625,0.7367550000000005,0.225,9.252000000000002,76.47875,13.509961999999994
Convenience,212,5.50325,0.6683800000000009,0.21,7.752000000000001,76.519875,13.551086999999988
Convenience,213,5.460249999999999,0.6253799999999998,0.22375,9.127000000000002,75.97449999999999,13.005711999999981
Convenience,214,5.6545000000000005,0.819630000000001,0.24375,11.127,76.912375,13.943586999999987
Convenience,215,5.5211250000000005,0.686255000000001,0.22375,9.127000000000002,76.164875,13.196086999999984
Convenience,216,5.6145000000000005,0.7796300000000009,0.23125,9.877000000000002,76.62725,13.658461999999993
Convenience,217,5.542249999999999,0.7073799999999997,0.245,11.252,76.11462499999999,13.145836999999979
Convenience,218,5.51125,0.6763800000000009,0.22625,9.377000000000002,76.39524999999999,13.42646199999998
Convenience,219,5.52575,0.6908800000000008,0.23,9.752000000000002,76.39337499999999,13.424586999999981
Convenience,220,5.552875,0.7180050000000007,0.22875,9.627000000000002,76.031625,13.062836999999995
Convenience,221,5.51125,0.6763800000000009,0.22,8.752,76.61025000000001,13.641461999999997
Convenience,222,5.635875000000001,0.8010050000000017,0.2425,11.002,77.29575,14.326961999999988
Convenience,223,5.541875,0.7070050000000005,0.22,8.752,76.75325,13.784461999999984
Convenience,224,5.563125,0.7282550000000008,0.21375,8.127,76.0315,13.062711999999983
Convenience,225,5.554124999999999,0.7192549999999995,0.21875,8.627,77.00425,14.035461999999988
Convenience,226,5.562874999999999,0.7280049999999996,0.2175,8.502,76.389875,13.421086999999993
Convenience,227,5.6076250000000005,0.772755000000001,0.2425,11.002,77.55362500000001,14.584837
Convenience,228,5.534,0.6991300000000003,0.22875,9.627000000000002,76.08875,13.119961999999994
Convenience,229,5.4905,0.6556300000000004,0.19875,6.6270000000000024,77.29050000000001,14.321711999999998
Convenience,230,5.573875,0.7390050000000006,0.22,8.752,76.2765,13.307711999999988
Convenience,231,5.541625,0.7067550000000002,0.22125,8.877000000000002,77.480125,14.51133699999999
Convenience,232,5.6585,0.8236300000000005,0.23625,10.377,77.669375,14.700586999999992
Convenience,233,5.392375,0.5575050000000008,0.19125,5.877000000000002,75.99737499999999,13.02858699999998
Convenience,234,5.546500000000001,0.7116300000000013,0.215,8.252,76.001125,13.032336999999991
Convenience,235,5.521624999999999,0.6867549999999998,0.2175,8.502,76.086875,13.118086999999996
Convenience,236,5.49725,0.6623800000000006,0.22625,9.377000000000002,76.35625,13.387461999999992
Convenience,237,5.44625,0.6113800000000005,0.19125,5.877000000000002,75.8,12.831211999999987
Convenience,238,5.5535000000000005,0.718630000000001,0.20375,7.127,76.031375,13.062586999999986
Convenience,239,5.46625,0.63138,0.20375,7.127,76.46325,13.494461999999992
Convenience,240,5.584124999999999,0.7492549999999998,0.225,9.252000000000002,77.27475,14.305961999999987
Convenience,241,5.538375000000001,0.7035050000000016,0.2125,8.002,76.83337499999999,13.864586999999979
Convenience,242,5.509000000000001,0.6741300000000017,0.2075,7.502000000000001,76.69925,13.730461999999996
Convenience,243,5.638999999999999,0.8041299999999998,0.25375,12.126999999999999,76.534375,13.565586999999987
Convenience,244,5.620250000000001,0.7853800000000017,0.225,9.252000000000002,77.086125,14.117336999999985
Convenience,245,5.561624999999999,0.7267549999999998,0.235,10.252,76.10987499999999,13.141086999999978
Convenience,246,5.519,0.6841300000000006,0.215,8.252,77.30725,14.338461999999986
Convenience,247,5.574249999999999,0.7393799999999997,0.2325,10.002000000000002,77.27575,14.306961999999992
Convenience,248,5.463375000000001,0.6285050000000014,0.21875,8.627,75.750625,12.781836999999989
Convenience,249,5.544624999999999,0.7097549999999995,0.22125,8.877000000000002,76.3355,13.366711999999985
Convenience,250,5.470250000000001,0.6353800000000014,0.2225,9.002000000000002,76.04337500000001,13.074587000000001
Convenience,251,5.4925,0.6576300000000002,0.20625,7.377000000000001,76.14237499999999,13.173586999999976
Convenience,252,5.58075,0.7458800000000005,0.2325,10.002000000000002,76.182125,13.213336999999989
Convenience,253,5.565625,0.7307550000000003,0.23375,10.127000000000002,76.945375,13.976586999999988
Convenience,254,5.482875,0.6480050000000004,0.20125,6.8770000000000024,75.989375,13.020586999999985
Convenience,255,5.518375,0.6835050000000003,0.21375,8.127,76.202875,13.234086999999995
Convenience,256,5.36575,0.5308800000000007,0.2,6.7520000000000024,75.07799999999999,12.109211999999978
Convenience,257,5.540125000000001,0.7052550000000011,0.2225,9.002000000000002,76.35525,13.386461999999987
Convenience,258,5.477874999999999,0.6430049999999996,0.1975,6.5020000000000024,76.412875,13.444086999999989
Convenience,259,5.495375,0.6605050000000006,0.21875,8.627,76.38125,13.412461999999984
Convenience,260,5.512125,0.6772550000000006,0.19375,6.127000000000002,77.194125,14.225336999999989
Convenience,261,5.589125,0.7542550000000006,0.23625,10.377,76.352,13.383211999999993
Convenience,262,5.606750000000001,0.7718800000000012,0.23625,10.377,77.387125,14.418336999999987
Convenience,263,5.4708749999999995,0.6360049999999999,0.21125,7.877000000000001,76.28675,13.317961999999987
Convenience,264,5.5215,0.6866300000000001,0.23,9.752000000000002,76.7875,13.818711999999984
Convenience,265,5.546749999999999,0.7118799999999998,0.22,8.752,76.96725,13.998461999999996
Convenience,266,5.445374999999999,0.6105049999999999,0.20875,7.627000000000001,76.256625,13.287836999999989
Convenience,267,5.621625,0.7867550000000003,0.2225,9.002000000000002,77.640625,14.67183699999999
Convenience,268,5.5440000000000005,0.7091300000000009,0.2275,9.502000000000002,76.0535,13.084711999999989
Convenience,269,5.625125000000001,0.790255000000001,0.25625,12.376999999999999,76.710625,13.741836999999983
Convenience,270,5.643375000000001,0.8085050000000011,0.23125,9.877000000000002,77.62737500000001,14.658587000000004
Convenience,271,5.597,0.7621300000000009,0.21375,8.127,76.514875,13.546086999999993
Convenience,272,5.525875000000001,0.6910050000000014,0.22375,9.127000000000002,75.9145,12.945711999999993
Convenience,273,5.47825,0.6433800000000005,0.20125,6.8770000000000024,75.7705,12.801711999999988
Convenience,274,5.487875,0.6530050000000003,0.21125,7.877000000000001,76.6435,13.674711999999992
Convenience,275,5.579749999999999,0.7448799999999993,0.21625,8.377,76.82,13.851211999999983
Convenience,276,5.412249999999999,0.5773799999999998,0.19,5.752000000000002,76.448625,13.479836999999996
Convenience,277,5.466749999999999,0.6318799999999998,0.20375,7.127,76.420875,13.452086999999985
Convenience,278,5.539124999999999,0.7042549999999999,0.20875,7.627000000000001,76.614,13.645211999999994
Convenience,279,5.525875000000001,0.6910050000000014,0.215,8.252,76.593125,13.62433699999999
Convenience,280,5.58875,0.7538800000000005,0.22375,9.127000000000002,76.72875,13.759961999999994
Convenience,281,5.609375,0.7745050000000004,0.2225,9.002000000000002,76.30275,13.333961999999993
Convenience,282,5.486625,0.6517550000000005,0.20875,7.627000000000001,76.59637500000001,13.627586999999998
Convenience,283,5.575625,0.740755,0.21375,8.127,75.848125,12.879336999999985
Convenience,284,5.549625,0.7147550000000003,0.1975,6.5020000000000024,76.882125,13.913336999999991
Convenience,285,5.545999999999999,0.7111299999999998,0.2075,7.502000000000001,76.484375,13.51558699999999
Convenience,286,5.525625,0.6907550000000002,0.21375,8.127,76.17475,13.205961999999992
Convenience,287,5.517250000000001,0.6823800000000011,0.215,8.252,75.023125,12.054336999999983
Convenience,288,5.5646249999999995,0.7297549999999999,0.22125,8.877000000000002,75.709375,12.740586999999984
Convenience,289,5.576499999999999,0.7416299999999998,0.22,8.752,76.06649999999999,13.09771199999998
Convenience,290,5.521875,0.6870050000000001,0.22875,9.627000000000002,76.70450000000001,13.735712
Convenience,291,5.62175,0.78688,0.235,10.252,76.204875,13.23608699999999
Convenience,292,5.5805,0.7456300000000002,0.21125,7.877000000000001,75.38175,12.412961999999986
Convenience,293,5.4723749999999995,0.637505,0.1975,6.5020000000000024,75.305625,12.336836999999996
Convenience,294,5.601875,0.7670050000000002,0.235,10.252,76.17125,13.20246199999999
Convenience,295,5.515375000000001,0.680505000000001,0.23,9.752000000000002,76.98887500000001,14.020086999999997
Convenience,296,5.48575,0.6508800000000008,0.21375,8.127,76.23400000000001,13.265211999999998
Convenience,297,5.4985,0.6636300000000004,0.21375,8.127,76.278125,13.309336999999992
Convenience,298,5.46425,0.6293800000000003,0.2125,8.002,76.3255,13.356711999999995
Convenience,299,5.541125000000001,0.7062550000000014,0.2075,7.502000000000001,76.375875,13.407086999999983
Convenience,300,5.551125,0.7162550000000003,0.205,7.252,77.39224999999999,14.42346199999998
Convenience,301,5.447374999999999,0.6125049999999996,0.20625,7.377000000000001,76.825,13.856211999999992
Convenience,302,5.453374999999999,0.6185049999999999,0.19625,6.3770000000000024,76.59025000000001,13.621462000000001
Convenience,303,5.6145000000000005,0.7796300000000009,0.23,9.752000000000002,77.446125,14.477336999999984
Convenience,304,5.58875,0.7538800000000005,0.2175,8.502,77.4545,14.485711999999985
Convenience,305,5.596749999999999,0.7618799999999997,0.2375,10.502,76.33337499999999,13.364586999999979
Convenience,306,5.441500000000001,0.6066300000000018,0.21,7.752000000000001,75.501625,12.532836999999994
Convenience,307,5.509625000000001,0.6747550000000011,0.1825,5.002000000000001,76.23262500000001,13.263837000000002
Convenience,308,5.623625,0.7887550000000001,0.2225,9.002000000000002,76.50775,13.53896199999999
Convenience,309,5.487125,0.6522550000000003,0.20125,6.8770000000000024,76.690375,13.721586999999992
Convenience,310,5.5585,0.7236300000000009,0.21375,8.127,77.35325,14.384461999999992
Convenience,311,5.56875,0.7338800000000001,0.22875,9.627000000000002,77.039125,14.070336999999988
Convenience,312,5.4910000000000005,0.656130000000001,0.22125,8.877000000000002,76.815625,13.846836999999987
Convenience,313,5.525625,0.6907550000000002,0.225,9.252000000000002,76.93325,13.96446199999999
Convenience,314,5.4975,0.66263,0.1975,6.5020000000000024,76.03399999999999,13.065211999999981
Convenience,315,5.494125,0.6592550000000008,0.1975,6.5020000000000024,76.66125,13.692461999999985
Convenience,316,5.463375000000001,0.6285050000000014,0.2025,7.0020000000000024,76.85600000000001,13.887211999999998
Convenience,317,5.5395,0.7046300000000008,0.2325,10.002000000000002,76.117375,13.148586999999985
Convenience,318,5.5525,0.7176300000000007,0.23,9.752000000000002,75.53887499999999,12.57008699999998
Convenience,319,5.54375,0.7088800000000006,0.22375,9.127000000000002,76.368375,13.39958699999999
Convenience,320,5.486624999999999,0.6517549999999996,0.205,7.252,76.77787500000001,13.809086999999998
Convenience,321,5.52575,0.6908800000000008,0.22125,8.877000000000002,77.21275,14.24396199999999
Convenience,322,5.548500000000001,0.7136300000000011,0.2225,9.002000000000002,76.081,13.112211999999992
Convenience,323,5.427125,0.5922550000000006,0.2025,7.0020000000000024,76.66137499999999,13.692586999999982
Convenience,324,5.614625,0.7797550000000006,0.24375,11.127,75.85300000000001,12.884211999999998
Convenience,325,5.425875,0.591005,0.18875,5.627000000000002,77.55525,14.58646199999999
Convenience,326,5.5495,0.7146300000000005,0.1975,6.5020000000000024,76.58824999999999,13.619461999999977
Convenience,327,5.6125,0.7776300000000003,0.2375,10.502,76.645625,13.676836999999985
Convenience,328,5.47975,0.6448800000000006,0.20625,7.377000000000001,77.407125,14.438336999999983
Convenience,329,5.447625,0.6127550000000008,0.2025,7.0020000000000024,75.24,12.271211999999984
Convenience,330,5.466375,0.6315050000000006,0.2025,7.0020000000000024,77.00337499999999,14.03458699999998
Convenience,331,5.467875,0.6330050000000007,0.2025,7.0020000000000024,76.45375,13.484961999999989
Convenience,332,5.486375000000001,0.6515050000000011,0.2075,7.502000000000001,75.494375,12.525586999999994
Convenience,333,5.491124999999999,0.6562549999999998,0.20125,6.8770000000000024,77.590125,14.62133699999999
Convenience,334,5.492999999999999,0.6581299999999999,0.2,6.7520000000000024,77.00175,14.03296199999999
Convenience,335,5.5515,0.7166300000000003,0.2175,8.502,77.0275,14.058711999999993
Convenience,336,5.495,0.6601300000000005,0.21875,8.627,76.15825,13.189461999999985
Convenience,337,5.459499999999999,0.6246299999999998,0.215,8.252,76.413125,13.444336999999983
Convenience,338,5.511624999999999,0.6767549999999991,0.22125,8.877000000000002,77.289625,14.32083699999999
Convenience,339,5.5520000000000005,0.7171300000000009,0.2175,8.502,75.6085,12.639711999999996
Convenience,340,5.62375,0.7888800000000007,0.24125,10.877,76.983,14.014211999999993
Convenience,341,5.542625,0.7077550000000006,0.22625,9.377000000000002,76.287125,13.318336999999993
Convenience,342,5.489375,0.6545050000000003,0.21125,7.877000000000001,76.339,13.370211999999988
Convenience,343,5.584375,0.7495050000000001,0.23,9.752000000000002,75.634,12.66521199999999
Convenience,344,5.467249999999999,0.6323799999999995,0.205,7.252,76.299375,13.330586999999987
Convenience,345,5.56325,0.7283800000000005,0.2275,9.502000000000002,76.69575,13.726961999999993
Convenience,346,5.6465,0.8116300000000001,0.2375,10.502,77.283125,14.314336999999988
Convenience,347,5.470875000000001,0.6360050000000017,0.2,6.7520000000000024,76.54324999999999,13.574461999999976
Convenience,348,5.446875,0.6120050000000008,0.21125,7.877000000000001,75.748375,12.779586999999985
Convenience,349,5.5065,0.6716300000000004,0.20125,6.8770000000000024,76.844,13.875211999999983
Convenience,350,5.523624999999999,0.6887549999999996,0.205,7.252,77.06975,14.100961999999988
Convenience,351,5.597125,0.7622550000000006,0.2175,8.502,77.134625,14.16583699999999
Convenience,352,5.475125,0.6402550000000007,0.215,8.252,76.961625,13.992836999999987
Convenience,353,5.521,0.6861300000000004,0.1975,6.5020000000000024,75.6635,12.694711999999988
Convenience,354,5.4655,0.63063,0.2,6.7520000000000024,75.94912500000001,12.980336999999999
Convenience,355,5.553624999999999,0.7187549999999998,0.22125,8.877000000000002,76.779375,13.810586999999991
Convenience,356,5.551125,0.7162550000000003,0.23,9.752000000000002,76.59587499999999,13.627086999999982
Convenience,357,5.569375,0.7345050000000004,0.23,9.752000000000002,75.85825,12.889461999999988
Convenience,358,5.616375000000001,0.781505000000001,0.23875,10.627,76.72525,13.756461999999992
Convenience,359,5.56375,0.7288800000000002,0.2125,8.002,77.42225,14.453461999999995
Convenience,360,5.511625,0.6767550000000009,0.20375,7.127,76.02787500000001,13.059086999999998
Convenience,361,5.617125,0.7822550000000001,0.22875,9.627000000000002,75.980875,13.012086999999987
Convenience,362,5.398125,0.5632550000000007,0.19125,5.877000000000002,75.76737499999999,12.798586999999976
Convenience,363,5.481375000000001,0.6465050000000012,0.2025,7.0020000000000024,75.861875,12.893086999999987
Convenience,364,5.545750000000001,0.7108800000000013,0.19125,5.877000000000002,77.20575,14.236961999999984
Convenience,365,5.510374999999999,0.6755049999999994,0.22375,9.127000000000002,76.28462499999999,13.31583699999998
Convenience,366,5.4338750000000005,0.5990050000000009,0.18125,4.877000000000001,75.62100000000001,12.652211999999999
Convenience,367,5.470375000000001,0.6355050000000011,0.2025,7.0020000000000024,76.44225,13.47346199999999
Convenience,368,5.521,0.6861300000000004,0.22375,9.127000000000002,76.875625,13.906836999999989
Convenience,369,5.50925,0.6743800000000002,0.22875,9.627000000000002,76.065125,13.096336999999984
Convenience,370,5.522874999999999,0.6880049999999995,0.225,9.252000000000002,76.105625,13.136836999999993
Convenience,371,5.55875,0.7238800000000003,0.225,9.252000000000002,76.198875,13.23008699999999
Convenience,372,5.5611250000000005,0.726255000000001,0.21,7.752000000000001,76.417,13.448211999999991
Convenience,373,5.619749999999999,0.7848799999999994,0.21875,8.627,77.14200000000001,14.173212
Convenience,374,5.423500000000001,0.5886300000000011,0.20125,6.8770000000000024,76.323625,13.354836999999996
Convenience,375,5.4384999999999994,0.6036299999999999,0.21875,8.627,75.992625,13.023836999999993
Convenience,376,5.548375,0.7135050000000005,0.2125,8.002,76.382,13.413211999999994
Convenience,377,5.505374999999999,0.6705049999999995,0.21,7.752000000000001,76.12837499999999,13.15958699999998
Convenience,378,5.537624999999999,0.7027549999999998,0.20625,7.377000000000001,76.67075000000001,13.701962000000002
Convenience,379,5.611375000000001,0.7765050000000011,0.2225,9.002000000000002,76.31762499999999,13.348836999999982
Convenience,380,5.5676250000000005,0.7327550000000009,0.23125,9.877000000000002,76.067625,13.098836999999996
Convenience,381,5.4605,0.6256300000000001,0.2,6.7520000000000024,76.65837499999999,13.689586999999982
Convenience,382,5.448125,0.6132550000000005,0.21375,8.127,76.34700000000001,13.378211999999998
Convenience,383,5.5395,0.7046300000000008,0.22125,8.877000000000002,76.37125,13.402461999999993
Convenience,384,5.5333749999999995,0.6985049999999999,0.215,8.252,75.6515,12.682711999999988
Convenience,385,5.463875000000001,0.6290050000000011,0.215,8.252,76.382875,13.414086999999988
Convenience,386,5.5553750000000015,0.720505000000002,0.22625,9.377000000000002,76.6825,13.713711999999994
Convenience,387,5.52775,0.6928800000000006,0.22375,9.127000000000002,75.043125,12.074336999999993
Convenience,388,5.541624999999999,0.7067549999999994,0.22,8.752,76.34137499999999,13.372586999999974
Convenience,389,5.544875000000001,0.7100050000000016,0.21625,8.377,76.3545,13.385711999999991
Convenience,390,5.44,0.6051300000000008,0.205,7.252,75.45837499999999,12.489586999999979
Convenience,391,5.56575,0.7308800000000009,0.22375,9.127000000000002,76.709875,13.741086999999986
Convenience,392,5.556375,0.7215050000000005,0.2225,9.002000000000002,77.05975000000001,14.090961999999998
Convenience,393,5.5525,0.7176300000000007,0.19625,6.3770000000000024,76.33975000000001,13.370961999999999
Convenience,394,5.547999999999999,0.7131299999999996,0.215,8.252,76.30475,13.335961999999988
Convenience,395,5.46925,0.6343800000000002,0.19625,6.3770000000000024,77.420625,14.45183699999999
Convenience,396,5.554375,0.7195050000000007,0.21375,8.127,76.499875,13.531086999999992
Convenience,397,5.553999999999999,0.7191299999999998,0.2175,8.502,77.377875,14.409086999999992
Convenience,398,5.547249999999999,0.7123799999999996,0.21875,8.627,77.078125,14.10933699999999
Convenience,399,5.564000000000001,0.7291300000000014,0.2125,8.002,77.22087499999999,14.252086999999982
Convenience,400,5.51625,0.6813800000000008,0.22375,9.127000000000002,76.45837499999999,13.489586999999979
